,price,city_name,salon,nb_rooms,nb_baths,surface_area,Ascenseur,Balcon,Chauffage,Climatisation,Concierge,Cuisine Équipée,Duplex,Meublé,Parking,Sécurité,Terrasse
0,2000000.0,Casablanca,1.0,2.0,2.0,168.0,1,1,0,0,0,0,0,0,1,0,1
1,1195000.0,Casablanca,1.0,2.0,2.0,98.0,1,1,1,1,0,1,0,0,1,0,0
2,1350000.0,Dar Bouazza,1.0,2.0,2.0,81.0,1,1,1,1,1,1,1,0,1,1,1
3,900000.0,Casablanca,1.0,1.0,1.0,56.0,1,0,1,1,0,1,0,1,1,1,1
6,760000.0,Marrakech,1.0,3.0,3.0,98.0,1,1,0,0,1,1,0,0,1,1,0
7,790000.0,Casablanca,1.0,3.0,2.0,73.0,0,0,0,0,0,1,0,0,0,0,0
8,780000.0,Asilah,1.0,2.0,1.0,72.0,0,1,0,0,0,1,0,1,0,1,0
10,755000.0,Bouskoura,1.0,2.0,2.0,76.0,1,1,0,0,1,1,0,0,1,1,1
11,790000.0,Kénitra,1.0,3.0,2.0,105.0,0,0,0,0,0,0,0,0,0,1,0
12,1900000.0,Casablanca,1.0,2.0,2.0,105.0,1,0,1,1,1,1,0,0,0,1,1
14,1350000.0,Casablanca,2.0,2.0,1.0,140.0,1,1,0,0,1,0,0,0,0,0,1
15,1360000.0,Marrakech,1.0,2.0,2.0,113.0,1,1,0,0,0,0,0,0,1,0,1
16,800000.0,Marrakech,1.0,3.0,2.0,110.0,0,0,0,0,0,0,0,0,0,0,0
17,350000.0,Mohammedia,1.0,2.0,1.0,60.0,0,1,0,0,0,0,0,0,0,0,0
18,890000.0,Marrakech,1.0,2.0,2.0,105.0,1,1,0,0,0,0,0,0,1,0,0
19,690000.0,Casablanca,1.0,2.0,1.0,70.0,1,0,0,1,1,0,0,0,1,0,0
20,1356000.0,Casablanca,1.0,3.0,2.0,113.0,0,0,0,0,0,0,0,0,0,0,0
21,1600000.0,Dar Bouazza,1.0,2.0,2.0,98.0,0,1,1,1,1,1,0,0,1,1,1
22,160000.0,Rabat,1.0,3.0,1.0,119.0,0,0,0,0,0,0,0,0,0,0,0
24,1250000.0,Kénitra,1.0,2.0,3.0,113.0,1,1,0,1,1,1,0,0,1,1,1
25,890000.0,Agadir,1.0,2.0,2.0,110.0,1,1,0,1,0,1,0,0,1,0,0
26,1200000.0,Casablanca,1.0,2.0,2.0,92.0,1,1,0,0,0,0,0,0,1,0,1
27,850000.0,Casablanca,1.0,1.0,1.0,105.0,1,1,0,0,0,0,0,0,0,0,1
28,910000.0,Casablanca,1.0,3.0,2.0,91.0,1,0,0,0,0,1,0,0,1,1,1
29,769500.0,Marrakech,1.0,2.0,1.0,81.0,1,0,0,0,0,0,0,0,1,1,0
30,890000.0,Casablanca,1.0,2.0,2.0,64.0,1,0,0,0,1,1,0,0,1,0,1
31,675000.0,Tamesna,1.0,3.0,2.0,88.0,1,1,0,0,0,1,0,0,1,1,0
32,750000.0,Casablanca,1.0,3.0,2.0,69.0,1,1,0,0,0,1,0,0,1,1,0
33,1470000.0,Mohammedia,1.0,2.0,1.0,95.0,0,0,0,0,0,0,0,0,0,0,0
34,1167000.0,Casablanca,1.0,2.0,2.0,82.0,1,1,1,1,1,1,0,0,1,1,1
36,1090000.0,Salé,1.0,2.0,2.0,95.0,1,1,0,1,1,1,0,0,1,1,0
37,620000.0,Had Soualem,1.0,3.0,2.0,142.0,0,1,0,0,0,1,0,0,0,0,1
38,880000.0,Casablanca,1.0,3.0,2.0,88.0,1,1,0,0,0,1,0,0,1,0,1
39,890000.0,Temara,1.0,2.0,2.0,43.0,0,1,0,0,1,1,0,0,1,1,0
40,1200000.0,Marrakech,1.0,2.0,1.0,89.0,1,0,0,0,0,0,0,0,0,0,0
41,590000.0,Bouskoura,1.0,2.0,2.0,59.0,1,1,0,0,1,1,0,0,1,1,1
42,1099999.0,Benslimane,2.0,2.0,2.0,108.0,1,0,0,0,0,1,0,0,1,1,0
43,1050000.0,Marrakech,1.0,1.0,1.0,43.0,1,1,0,1,1,1,0,0,0,1,0
44,1000000.0,Casablanca,1.0,2.0,2.0,84.0,1,1,1,1,1,1,0,0,1,1,0
45,1300000.0,Agadir,1.0,2.0,2.0,83.0,0,0,0,0,0,0,0,0,0,0,0
46,1300000.0,Casablanca,1.0,4.0,2.0,106.0,1,0,0,1,1,1,0,0,1,1,1
47,540000.0,Temara,1.0,2.0,1.0,60.0,0,0,0,0,0,0,0,0,0,0,0
48,620000.0,Had Soualem,1.0,3.0,2.0,120.0,0,1,0,0,0,1,0,0,0,0,1
49,890000.0,Tanger,1.0,2.0,2.0,67.0,1,1,1,1,1,1,0,0,1,1,1
50,890000.0,Casablanca,1.0,2.0,1.0,76.0,1,1,0,0,0,0,0,0,1,0,1
51,890000.0,Bouskoura,1.0,2.0,2.0,54.0,0,0,0,1,0,1,0,0,0,1,0
52,760000.0,Casablanca,1.0,2.0,2.0,76.0,1,1,0,0,1,1,0,0,1,1,1
53,769500.0,Marrakech,1.0,2.0,1.0,81.0,1,0,0,0,1,0,0,0,1,1,0
54,11000.0,Casablanca,1.0,2.0,2.0,85.0,1,1,1,1,1,1,0,0,1,1,1
55,740000.0,Casablanca,2.0,2.0,2.0,78.0,0,1,0,0,1,1,0,0,0,1,1
56,1600000.0,Rabat,1.0,3.0,2.0,110.0,1,1,0,0,0,0,0,0,1,0,0
57,769500.0,Marrakech,1.0,2.0,1.0,81.0,1,0,0,0,0,0,0,0,1,1,0
58,17500.0,Casablanca,1.0,2.0,2.0,75.0,1,1,1,1,1,1,0,0,1,1,1
59,769500.0,Marrakech,1.0,2.0,1.0,81.0,1,0,0,0,0,0,0,0,1,1,0
60,890000.0,Agadir,1.0,2.0,2.0,78.0,0,0,0,0,0,0,0,0,0,0,0
61,890000.0,Agadir,1.0,2.0,2.0,95.0,0,1,0,1,0,1,0,0,0,0,0
62,700000.0,Kénitra,2.0,3.0,3.0,104.0,1,1,0,1,1,1,0,0,1,1,0
63,1150000.0,Casablanca,1.0,2.0,2.0,80.0,1,0,0,0,0,0,0,0,0,0,0
64,809000.0,Casablanca,1.0,1.0,1.0,44.0,0,0,0,0,0,0,0,0,0,0,0
66,890000.0,Bouskoura,1.0,2.0,2.0,54.0,0,0,0,0,0,0,0,0,0,0,0
67,750000.0,Tanger,1.0,2.0,1.0,86.0,0,1,0,0,0,0,0,0,0,0,1
68,1155600.0,Bouskoura,1.0,3.0,2.0,107.0,1,1,0,1,0,1,0,0,1,0,1
69,770000.0,Tanger,1.0,2.0,1.0,69.0,1,1,0,0,0,0,0,0,0,0,1
71,890000.0,Agadir,1.0,2.0,2.0,107.0,0,0,0,0,0,0,0,0,0,0,0
72,1390000.0,Casablanca,2.0,2.0,2.0,128.0,1,1,0,1,1,1,0,0,1,0,0
73,890000.0,Casablanca,2.0,2.0,2.0,105.0,1,0,0,0,1,1,0,0,1,1,0
74,530000.0,Bouznika,1.0,2.0,1.0,74.0,1,1,0,0,0,1,0,0,0,0,1
75,1120000.0,Casablanca,1.0,2.0,1.0,89.0,1,1,0,0,0,0,0,0,0,0,1
76,1500000.0,Casablanca,1.0,2.0,1.0,112.0,1,0,0,0,0,0,0,0,0,0,0
77,815000.0,Bouskoura,1.0,2.0,2.0,82.0,1,1,0,0,1,1,0,0,1,1,1
79,1100000.0,Tanger,1.0,3.0,2.0,105.0,1,1,0,0,0,0,0,0,1,0,1
80,770000.0,Casablanca,1.0,1.0,1.0,49.0,0,0,0,0,0,0,0,0,0,0,0
81,1580000.0,Tanger,1.0,3.0,2.0,112.0,1,1,0,0,0,0,0,0,0,0,1
82,890000.0,Tanger,1.0,2.0,2.0,64.0,0,1,0,0,0,0,0,0,0,0,0
83,939600.0,Casablanca,1.0,2.0,2.0,81.0,1,1,1,1,1,1,0,0,1,1,1
84,960000.0,Tanger,1.0,2.0,1.0,99.0,1,1,0,0,0,0,0,0,0,0,1
85,900000.0,Meknès,1.0,3.0,2.0,129.0,1,1,0,0,0,0,0,0,1,0,1
86,1240000.0,Bouskoura,1.0,3.0,2.0,116.0,1,0,0,1,0,1,0,0,1,0,1
88,14200.0,Casablanca,2.0,3.0,3.0,158.0,0,0,0,0,0,0,0,0,0,0,0
90,890000.0,Casablanca,1.0,2.0,2.0,69.0,1,1,0,0,0,1,0,0,1,1,1
91,1880000.0,Casablanca,1.0,3.0,2.0,132.0,1,1,1,1,1,1,0,0,1,1,0
93,940000.0,Casablanca,2.0,3.0,2.0,107.0,1,1,0,0,1,1,0,0,1,1,0
94,300000.0,Casablanca,1.0,2.0,1.0,50.0,1,1,1,1,1,1,0,0,1,1,1
95,890000.0,Agadir,1.0,2.0,2.0,76.0,0,1,0,1,0,1,0,0,0,0,0
96,740000.0,Marrakech,1.0,2.0,2.0,70.0,1,0,1,1,1,1,1,0,0,1,1
97,790000.0,Bouskoura,1.0,2.0,83.0,83.0,1,1,0,0,1,0,0,0,1,0,0
98,890000.0,El Jadida,2.0,2.0,2.0,120.0,1,1,0,1,1,1,0,0,1,1,1
99,1000000.0,Kénitra,2.0,3.0,3.0,153.0,1,1,0,0,1,1,0,0,1,1,1
100,990000.0,Casablanca,1.0,3.0,110.0,88.0,1,0,0,0,0,0,0,0,0,0,0
102,890000.0,Casablanca,1.0,2.0,2.0,108.0,0,0,0,0,0,0,0,0,0,0,0
103,820000.0,Casablanca,1.0,2.0,1.0,86.0,0,0,0,0,0,0,0,0,0,0,0
104,850000.0,Meknès,2.0,3.0,2.0,160.0,1,1,0,0,1,0,0,0,1,1,0
106,890000.0,Agadir,1.0,2.0,2.0,64.0,0,1,0,1,0,1,0,0,0,0,0
107,930000.0,Agadir,1.0,2.0,2.0,105.0,0,1,0,1,0,1,0,0,0,0,0
108,860000.0,Bouskoura,1.0,2.0,2.0,89.0,1,1,0,0,1,1,0,0,1,1,1
109,800000.0,Casablanca,1.0,3.0,2.0,119.0,1,1,0,0,0,0,0,0,1,1,1
110,890000.0,Agadir,1.0,2.0,2.0,90.0,0,1,0,1,0,1,0,0,0,0,0
111,650000.0,Agadir,1.0,2.0,2.0,67.0,0,0,0,0,0,0,0,0,0,0,0
112,650000.0,El Jadida,1.0,2.0,2.0,78.0,1,1,0,0,1,1,0,0,1,1,0
113,1100000.0,Casablanca,1.0,1.0,1.0,40.0,1,0,0,0,0,0,0,0,0,0,0
114,1360000.0,Casablanca,1.0,2.0,2.0,110.0,1,1,0,0,1,0,0,0,1,0,0
115,1900000.0,Casablanca,1.0,2.0,2.0,105.0,1,1,0,0,0,0,0,0,1,0,1
117,950000.0,Casablanca,2.0,3.0,2.0,105.0,0,1,1,1,1,1,0,0,0,1,0
118,780000.0,Temara,1.0,3.0,2.0,94.0,0,1,1,0,1,1,0,0,1,1,1
119,890000.0,Tanger,1.0,2.0,2.0,54.0,1,0,1,1,1,1,0,1,1,1,1
120,890000.0,El Mansouria,1.0,2.0,2.0,86.0,1,1,1,1,1,1,0,0,1,1,1
121,890000.0,Agadir,1.0,2.0,2.0,75.0,1,0,0,1,0,1,0,0,0,0,0
123,580000.0,Fès,1.0,3.0,2.0,94.0,0,0,0,0,0,0,0,0,0,0,0
124,890000.0,Agadir,1.0,2.0,2.0,97.0,1,1,0,1,1,1,0,0,1,1,1
126,1920000.0,Casablanca,2.0,3.0,2.0,125.0,1,1,1,1,1,1,0,0,1,1,1
127,560000.0,Casablanca,1.0,2.0,1.0,56.0,0,1,1,1,0,1,0,0,0,1,0
129,700000.0,Agadir,1.0,2.0,1.0,71.0,0,0,0,0,0,0,0,0,0,0,0
130,550000.0,Casablanca,2.0,1.0,1.0,57.0,0,1,0,0,0,1,0,0,0,1,0
131,1300000.0,Casablanca,2.0,3.0,2.0,105.0,1,0,1,1,1,1,0,0,1,1,1
132,900000.0,Salé,2.0,2.0,1.0,104.0,0,0,0,0,0,1,0,0,0,1,0
134,790000.0,Casablanca,1.0,3.0,2.0,84.0,1,1,0,0,1,1,0,0,1,1,1
135,500000.0,Agadir,1.0,2.0,1.0,50.0,0,1,0,0,1,1,0,1,1,1,0
136,1370000.0,Casablanca,2.0,4.0,2.0,133.0,0,1,0,1,1,0,1,0,1,1,1
137,1100000.0,Marrakech,1.0,2.0,2.0,85.0,1,1,1,1,1,1,1,0,1,1,1
138,900000.0,Marrakech,1.0,2.0,1.0,93.0,1,0,0,0,0,0,0,0,0,0,0
139,520000.0,Martil,2.0,2.0,1.0,91.0,0,1,0,0,0,1,0,0,0,1,1
140,580000.0,El Jadida,1.0,2.0,1.0,79.0,1,1,0,0,1,1,0,0,1,0,0
141,1400000.0,Casablanca,1.0,3.0,2.0,138.0,1,1,0,0,1,0,0,0,0,1,0
142,1050000.0,Temara,1.0,2.0,2.0,76.0,0,0,0,0,0,0,0,0,0,0,0
143,890000.0,Agadir,1.0,2.0,2.0,92.0,1,1,1,1,0,1,0,0,0,1,0
144,860000.0,Casablanca,1.0,2.0,2.0,84.0,1,1,0,0,1,1,0,0,1,1,1
145,890000.0,Casablanca,1.0,2.0,2.0,64.0,0,0,0,0,0,0,0,0,0,0,0
146,11000.0,Tanger,1.0,2.0,2.0,135.0,0,0,0,0,0,0,0,0,0,0,0
147,1820000.0,Casablanca,1.0,2.0,2.0,135.0,1,1,0,0,0,0,0,0,1,1,1
149,1400000.0,Tanger,1.0,3.0,1.0,98.0,1,1,0,0,0,0,0,0,0,0,1
150,1000000.0,Marrakech,1.0,2.0,1.0,112.0,1,0,0,0,0,0,0,0,1,0,0
151,900000.0,Kénitra,2.0,3.0,2.0,150.0,0,0,1,1,0,1,0,0,0,0,1
152,900000.0,Casablanca,1.0,1.0,2.0,67.0,1,1,0,1,1,1,0,0,0,1,0
153,25000.0,Rabat,1.0,2.0,2.0,123.0,1,1,1,1,1,1,0,0,1,1,0
154,850000.0,Agadir,1.0,2.0,2.0,75.0,1,1,1,1,1,0,0,0,0,1,1
156,895000.0,Fès,2.0,3.0,2.0,142.0,0,1,1,1,1,0,0,1,1,1,1
157,890000.0,Kénitra,2.0,2.0,2.0,117.0,1,1,1,1,1,1,0,0,1,0,0
159,890000.0,Casablanca,1.0,2.0,2.0,78.0,1,1,0,0,0,1,0,0,1,1,1
160,850000.0,Temara,1.0,2.0,1.0,88.0,0,1,1,1,1,1,0,0,1,1,1
161,1600000.0,Mohammedia,2.0,3.0,2.0,123.0,1,1,0,0,1,1,0,0,1,1,1
162,420000.0,Casablanca,1.0,3.0,1.0,56.0,0,0,0,0,0,0,0,0,0,0,0
163,1600000.0,El Mansouria,1.0,3.0,2.0,126.0,0,0,0,0,0,0,0,0,0,0,0
164,1300000.0,Casablanca,2.0,2.0,2.0,100.0,1,1,0,0,0,0,0,0,1,0,1
165,500000.0,Fès,3.0,2.0,1.0,121.0,0,0,0,0,0,0,0,0,0,1,1
166,790000.0,Temara,1.0,2.0,2.0,72.0,0,0,0,0,0,0,0,0,0,0,1
167,1900000.0,Rabat,1.0,2.0,1.0,114.0,1,1,0,0,0,0,0,0,1,0,1
168,890000.0,Salé,1.0,2.0,2.0,101.0,1,1,0,1,1,1,0,0,1,1,1
169,775000.0,Kénitra,2.0,3.0,3.0,111.0,1,1,0,0,1,1,0,0,1,1,0
170,2200000.0,Casablanca,1.0,3.0,2.0,160.0,1,1,0,1,1,1,0,1,1,0,1
171,980000.0,Marrakech,1.0,3.0,2.0,115.0,1,0,0,0,0,0,0,0,0,0,0
172,370000.0,Casablanca,1.0,2.0,1.0,54.0,0,0,0,0,0,0,0,0,0,0,0
173,592000.0,Casablanca,1.0,3.0,2.0,81.0,0,0,0,0,0,1,0,0,1,0,0
174,1900000.0,Casablanca,1.0,3.0,1.0,160.0,1,1,0,0,0,0,0,0,1,0,1
175,1200000.0,Fnideq,2.0,2.0,1.0,95.0,1,1,1,0,1,1,0,1,0,1,0
176,480000.0,Mohammedia,3.0,3.0,2.0,70.0,0,0,0,0,0,0,0,0,0,0,0
177,890000.0,Asilah,2.0,2.0,2.0,68.0,1,1,1,1,1,1,1,1,1,1,1
178,1500000.0,Rabat,1.0,4.0,1.0,116.0,1,0,0,0,1,0,0,0,0,1,0
179,890000.0,Rabat,1.0,2.0,2.0,116.0,0,0,0,0,0,1,0,0,0,0,0
180,890000.0,Tanger,1.0,2.0,2.0,90.0,1,1,0,0,0,1,0,0,1,1,0
181,1100000.0,Marrakech,1.0,2.0,2.0,61.0,0,0,0,0,0,0,0,0,0,0,0
183,890000.0,Agadir,1.0,2.0,2.0,100.0,0,1,0,1,1,1,0,0,0,0,0
184,680000.0,Agadir,1.0,2.0,1.0,63.0,0,1,0,1,0,1,0,0,0,0,0
185,890000.0,Agadir,1.0,2.0,2.0,80.0,0,0,0,0,0,0,0,0,0,0,0
186,890000.0,Kénitra,1.0,2.0,2.0,66.0,0,0,0,0,0,0,0,0,0,0,0
187,1020000.0,Casablanca,1.0,3.0,2.0,91.0,1,1,0,0,1,1,0,0,1,1,1
188,420000.0,Tétouan,1.0,3.0,1.0,60.0,0,1,0,0,0,0,0,0,1,0,1
189,540000.0,Saidia,1.0,3.0,2.0,84.0,0,1,0,0,0,0,0,0,0,0,0
190,310000.0,Casablanca,1.0,2.0,2.0,50.0,0,0,0,0,0,1,0,0,1,1,1
192,450000.0,Tanger,1.0,2.0,1.0,60.0,1,0,0,0,1,1,1,0,0,1,0
193,900000.0,Casablanca,2.0,2.0,1.0,85.0,1,1,0,0,1,1,0,0,1,1,0
194,10500.0,Nouaceur,2.0,3.0,2.0,165.0,1,1,0,1,1,1,0,0,1,1,1
195,890000.0,Casablanca,1.0,2.0,2.0,118.0,0,1,0,0,0,1,0,0,0,0,0
196,750000.0,Fès,1.0,3.0,2.0,109.0,1,1,0,0,1,0,0,0,1,0,1
198,780000.0,Kénitra,1.0,1.0,1.0,90.0,1,0,1,1,1,1,0,0,1,1,1
200,1060000.0,Mohammedia,1.0,3.0,1.0,87.0,1,1,0,1,0,1,0,0,1,1,0
202,850000.0,Marrakech,1.0,3.0,2.0,108.0,1,1,0,0,0,1,0,0,1,1,0
203,1200000.0,Rabat,1.0,1.0,2.0,75.0,1,1,1,0,1,1,0,0,1,1,0
204,890000.0,Kénitra,1.0,2.0,2.0,122.0,0,0,0,0,0,0,0,0,0,0,0
205,780000.0,Mohammedia,2.0,2.0,1.0,75.0,0,0,0,0,1,0,0,0,1,1,0
206,2250000.0,Casablanca,2.0,3.0,2.0,160.0,1,1,0,1,1,0,0,0,1,1,1
209,1550000.0,Tanger,1.0,3.0,3.0,110.0,1,1,0,0,1,1,0,0,0,1,1
210,890000.0,Fès,3.0,2.0,2.0,144.0,0,1,0,0,0,0,1,0,0,0,1
212,1950000.0,Casablanca,1.0,2.0,3.0,94.0,1,1,0,0,1,1,0,0,1,1,1
213,500000.0,Fès,1.0,3.0,1.0,87.0,0,1,0,0,0,0,0,0,1,0,0
215,890000.0,Agadir,1.0,2.0,2.0,76.0,0,0,0,1,0,1,0,0,0,0,1
216,890000.0,Casablanca,1.0,2.0,2.0,48.0,0,0,0,0,0,0,0,0,0,0,0
217,285000.0,Casablanca,1.0,2.0,1.0,54.0,0,0,0,0,0,0,0,0,0,0,0
221,1250000.0,Casablanca,1.0,1.0,1.0,87.0,0,1,0,0,0,0,0,0,1,0,1
222,890000.0,Casablanca,1.0,2.0,2.0,58.0,0,1,1,1,0,1,0,1,1,1,1
223,430000.0,Kénitra,1.0,3.0,1.0,68.0,0,0,0,0,0,0,0,0,0,0,0
224,720000.0,Mohammedia,1.0,2.0,2.0,87.0,0,0,0,0,0,1,0,0,1,0,0
225,959600.0,Casablanca,1.0,2.0,2.0,83.0,1,1,0,1,1,1,0,0,1,1,0
226,1110000.0,Casablanca,1.0,3.0,3.0,109.0,1,1,1,1,1,1,0,0,1,1,0
227,720000.0,Casablanca,1.0,3.0,2.0,85.0,0,0,0,0,0,0,0,0,1,0,0
228,890000.0,Casablanca,1.0,2.0,2.0,64.0,1,1,0,1,0,1,0,0,1,1,1
229,320000.0,Tanger,1.0,2.0,1.0,58.0,0,0,0,0,0,0,0,0,0,0,0
230,890000.0,Agadir,1.0,2.0,2.0,136.0,1,1,1,1,1,1,0,0,1,1,0
231,890000.0,El Jadida,1.0,2.0,2.0,80.0,1,1,0,0,1,1,0,0,0,1,1
232,1450000.0,Marrakech,1.0,2.0,2.0,76.0,1,1,1,1,1,1,0,1,1,1,1
234,890000.0,Tanger,1.0,2.0,2.0,90.0,1,1,0,0,0,1,0,0,1,1,0
235,890000.0,Tamaris,1.0,2.0,2.0,65.0,0,1,1,1,1,1,0,0,1,1,1
236,890000.0,Casablanca,1.0,2.0,2.0,82.0,0,0,0,0,0,0,0,0,0,0,0
237,1400000.0,Casablanca,1.0,3.0,2.0,132.0,1,1,0,0,1,0,0,0,1,0,1
238,560000.0,Martil,1.0,2.0,2.0,98.0,0,1,0,0,0,1,0,0,0,1,1
239,925000.0,Fès,3.0,3.0,2.0,145.0,0,1,0,1,0,1,0,0,0,0,1
240,720000.0,Casablanca,1.0,2.0,1.0,69.0,0,0,0,0,0,0,0,0,0,0,0
241,890000.0,Meknès,2.0,2.0,2.0,110.0,0,0,0,0,0,0,0,0,0,0,0
242,1200000.0,Temara,2.0,2.0,2.0,98.0,1,1,0,0,1,1,0,0,1,1,0
243,1064000.0,Temara,1.0,2.0,1.0,76.0,1,1,0,0,0,0,0,0,1,0,1
244,890000.0,Marrakech,1.0,2.0,2.0,86.0,1,1,1,1,1,1,0,0,1,1,0
245,890000.0,Kénitra,2.0,2.0,2.0,103.0,1,1,1,1,0,0,0,1,1,1,0
246,2140000.0,Rabat,1.0,3.0,2.0,114.0,1,1,1,1,1,1,0,0,1,1,1
247,1100000.0,Tanger,1.0,2.0,2.0,82.0,1,1,1,1,1,1,0,1,1,1,0
248,950000.0,Casablanca,1.0,2.0,1.0,75.0,0,1,0,0,0,0,0,0,0,0,1
249,890000.0,Asilah,1.0,2.0,2.0,95.0,1,1,1,1,1,1,0,0,1,1,1
250,600000.0,Kénitra,2.0,2.0,2.0,78.0,0,1,0,1,1,1,0,0,0,1,0
251,565000.0,Dar Bouazza,1.0,2.0,2.0,66.0,0,1,0,0,0,1,0,0,1,0,1
252,890000.0,Tanger,1.0,2.0,2.0,127.0,1,1,0,0,0,1,0,1,1,1,0
253,890000.0,Casablanca,1.0,2.0,2.0,82.0,0,0,0,0,0,0,0,0,0,0,0
254,890000.0,Casablanca,1.0,2.0,2.0,56.0,0,1,0,0,0,0,0,1,0,1,0
255,820000.0,Casablanca,1.0,3.0,1.0,82.0,0,1,0,0,0,1,0,0,1,0,1
256,680000.0,Casablanca,1.0,2.0,2.0,57.0,1,1,1,1,1,1,0,0,1,1,0
257,850000.0,Casablanca,1.0,2.0,2.0,66.0,1,0,0,0,0,1,0,0,1,1,1
258,1100000.0,Kénitra,1.0,3.0,1.0,110.0,1,1,1,1,1,1,0,0,1,1,1
259,1200000.0,Rabat,1.0,2.0,1.0,85.0,1,1,0,0,0,0,0,0,0,0,1
260,250000.0,Casablanca,1.0,2.0,1.0,50.0,0,0,0,0,0,0,0,0,0,0,0
261,890000.0,Tamaris,1.0,2.0,2.0,65.0,0,0,0,0,0,0,0,0,0,0,0
262,890000.0,Agadir,1.0,2.0,2.0,96.0,0,0,0,0,0,0,0,0,0,0,0
263,1500000.0,Agadir,2.0,2.0,2.0,128.0,0,1,0,1,1,0,1,0,1,1,1
264,700000.0,Marrakech,1.0,2.0,2.0,72.0,0,0,0,0,0,0,0,0,0,0,0
265,1280000.0,Casablanca,1.0,2.0,1.0,75.0,1,1,1,1,1,1,0,0,1,1,0
266,890000.0,Tétouan,1.0,2.0,2.0,94.0,1,1,0,1,0,1,0,1,1,1,0
267,1600000.0,Dar Bouazza,1.0,2.0,2.0,98.0,0,1,1,1,1,1,0,0,1,1,1
268,290000.0,Meknès,1.0,2.0,2.0,58.0,1,1,1,1,0,1,0,0,1,1,1
269,1170000.0,Casablanca,2.0,3.0,2.0,102.0,1,1,1,1,1,1,0,0,1,1,0
270,1590000.0,Casablanca,2.0,3.0,3.0,152.0,0,0,0,0,0,0,0,0,0,0,0
271,800000.0,Marrakech,1.0,2.0,2.0,64.0,1,0,0,0,0,0,0,0,1,0,0
272,890000.0,El Jadida,2.0,2.0,2.0,120.0,1,1,0,1,1,1,0,0,1,1,1
273,10000.0,Agadir,1.0,3.0,2.0,160.0,0,0,0,1,1,1,0,0,1,1,1
274,590000.0,Casablanca,1.0,2.0,2.0,72.0,0,0,0,0,0,0,0,0,0,0,0
275,520000.0,El Jadida,1.0,2.0,1.0,78.0,0,0,0,0,0,1,0,0,0,0,0
276,290000.0,Meknès,1.0,2.0,2.0,58.0,1,1,1,1,0,1,0,0,1,1,1
277,380000.0,Meknès,1.0,3.0,2.0,110.0,0,1,0,1,1,0,0,0,1,1,1
278,890000.0,Cabo Negro,1.0,2.0,2.0,96.0,1,1,0,0,0,1,0,0,1,1,1
279,395000.0,Sidi Allal El Bahraoui,2.0,3.0,1.0,100.0,0,1,0,0,0,0,0,0,0,0,0
280,760000.0,El Jadida,1.0,3.0,2.0,87.0,0,0,0,0,0,1,0,0,0,0,1
281,1400000.0,Casablanca,2.0,2.0,2.0,106.0,1,1,0,0,1,0,0,0,1,0,0
282,1180000.0,Kénitra,2.0,3.0,2.0,118.0,1,1,1,1,1,1,0,1,1,1,0
283,890000.0,Marrakech,1.0,2.0,2.0,123.0,1,1,1,1,1,1,0,0,1,1,1
285,912000.0,Marrakech,1.0,2.0,2.0,76.0,1,1,0,1,0,1,0,0,1,1,0
286,640000.0,Salé,1.0,2.0,1.0,80.0,0,0,0,0,0,0,0,0,0,0,0
287,390000.0,Tanger,1.0,2.0,1.0,64.0,1,1,0,0,0,0,0,0,1,1,0
288,750000.0,Bouznika,1.0,3.0,1.0,83.0,1,0,0,1,0,1,0,0,1,0,1
289,1350000.0,Marrakech,1.0,2.0,2.0,87.0,1,1,1,1,1,1,0,0,1,1,1
290,890000.0,Kénitra,1.0,2.0,2.0,100.0,0,0,0,0,0,0,0,0,0,0,0
291,630000.0,Casablanca,1.0,1.0,1.0,67.0,0,0,0,0,0,0,0,0,0,0,0
292,820000.0,Fès,2.0,3.0,2.0,150.0,1,1,0,0,1,1,0,0,1,1,1
294,890000.0,Tanger,1.0,2.0,2.0,85.0,1,1,1,1,1,1,0,1,1,1,1
295,1500000.0,Rabat,1.0,1.0,1.0,67.0,1,0,0,0,0,0,0,0,0,0,0
296,693000.0,Casablanca,1.0,3.0,77.0,77.0,0,0,0,0,0,0,0,0,0,0,0
297,500000.0,Nouaceur,2.0,2.0,1.0,69.0,0,1,0,0,0,0,0,0,0,0,0
298,450000.0,Nouaceur,2.0,2.0,1.0,61.0,0,1,0,0,0,0,0,0,0,0,0
299,760000.0,Kénitra,2.0,3.0,3.0,115.0,1,1,0,0,1,1,0,0,1,1,1
300,11000.0,Tanger,1.0,2.0,2.0,135.0,0,0,0,0,0,0,0,0,0,0,0
301,890000.0,Meknès,2.0,2.0,2.0,120.0,0,0,0,0,0,0,0,0,0,0,0
302,696000.0,Casablanca,1.0,2.0,2.0,87.0,0,0,0,0,0,0,0,0,0,0,0
303,1050000.0,Casablanca,1.0,2.0,2.0,88.0,1,1,0,0,1,1,0,0,1,1,1
304,2240000.0,Rabat,1.0,3.0,2.0,116.0,0,1,0,1,1,1,0,0,1,1,0
305,790000.0,Casablanca,1.0,3.0,2.0,84.0,1,1,0,0,1,1,0,0,1,1,1
306,1800000.0,Rabat,1.0,2.0,2.0,114.0,1,0,0,0,0,0,0,0,1,0,0
308,1480000.0,Tétouan,3.0,3.0,2.0,134.0,1,1,0,0,1,1,0,0,1,1,0
309,699999.0,Kénitra,2.0,2.0,2.0,100.0,1,1,0,1,1,1,0,0,1,1,0
310,775000.0,Kénitra,2.0,3.0,3.0,111.0,1,1,0,0,1,1,0,0,1,1,0
311,890000.0,Agadir,1.0,2.0,2.0,62.0,0,0,0,0,0,0,0,0,0,0,0
312,780000.0,Casablanca,1.0,1.0,1.0,40.0,1,0,0,1,0,1,0,1,0,1,0
314,590000.0,Martil,1.0,3.0,1.0,89.0,0,0,0,0,0,1,0,0,0,0,1
315,530000.0,El Jadida,1.0,3.0,1.0,68.0,1,1,0,0,0,0,0,0,1,0,1
316,1150000.0,Casablanca,3.0,4.0,2.0,154.0,0,0,0,0,0,0,0,0,0,0,0
317,937000.0,Casablanca,1.0,2.0,2.0,85.0,1,1,0,1,1,1,1,0,1,1,1
318,650000.0,Rabat,1.0,3.0,0.0,101.0,1,0,0,0,0,1,0,0,0,0,0
319,1550000.0,Casablanca,2.0,2.0,1.0,140.0,1,1,0,0,1,1,0,0,0,0,0
320,780000.0,Fnideq,1.0,2.0,1.0,81.0,0,1,1,0,0,1,0,1,0,0,0
321,530000.0,Marrakech,1.0,3.0,1.0,65.0,0,0,0,1,0,1,0,0,0,0,1
322,640000.0,Casablanca,1.0,3.0,1.0,83.0,0,0,0,0,0,0,0,0,1,0,0
323,2000000.0,Casablanca,1.0,3.0,2.0,117.0,1,0,1,1,1,1,0,0,1,1,0
324,550000.0,Tanger,1.0,2.0,1.0,55.0,1,1,0,0,1,1,0,0,0,1,0
325,1360000.0,Casablanca,1.0,2.0,2.0,91.0,1,1,0,0,1,1,0,0,1,1,1
326,1450000.0,Temara,1.0,3.0,2.0,116.0,0,0,0,0,0,0,0,0,0,0,0
327,2200000.0,Casablanca,1.0,3.0,2.0,137.0,1,1,1,1,1,1,0,1,1,1,1
328,1470000.0,Mohammedia,1.0,2.0,1.0,95.0,0,0,0,0,0,0,0,0,0,0,0
329,900000.0,Casablanca,1.0,2.0,1.0,89.0,0,0,0,0,0,0,0,0,0,0,0
330,1800000.0,Marrakech,1.0,2.0,1.0,82.0,0,1,0,1,1,1,0,1,1,1,1
331,630000.0,Kénitra,2.0,2.0,2.0,82.0,1,1,0,1,1,1,0,0,0,1,1
332,632000.0,Casablanca,2.0,2.0,2.0,62.0,1,1,0,0,1,1,0,0,1,1,1
335,890000.0,Casablanca,2.0,2.0,2.0,93.0,1,0,0,0,1,1,0,0,1,0,1
336,1450000.0,Casablanca,1.0,3.0,2.0,120.0,1,1,1,1,1,1,0,0,1,1,1
337,700000.0,Casablanca,1.0,2.0,2.0,81.0,0,0,0,0,0,0,0,0,0,0,1
338,660000.0,Béni Mellal,1.0,3.0,2.0,106.0,0,1,0,0,0,1,0,0,1,1,0
339,1050000.0,Asilah,1.0,2.0,1.0,74.0,1,0,1,1,1,1,0,0,1,1,1
340,680000.0,El Mansouria,1.0,2.0,1.0,68.0,0,1,0,0,1,1,0,0,1,1,1
341,1350000.0,Temara,1.0,3.0,2.0,121.0,1,1,0,1,1,1,0,0,1,1,0
342,870000.0,Agadir,2.0,2.0,2.0,82.0,0,1,0,0,0,1,0,1,1,1,0
343,1180000.0,El Jadida,2.0,3.0,2.0,163.0,0,1,0,0,0,1,0,0,0,1,1
344,1700000.0,Martil,1.0,2.0,2.0,85.0,1,1,1,1,1,1,0,1,1,1,1
345,590000.0,Kénitra,2.0,2.0,2.0,108.0,0,0,0,0,1,1,0,0,0,1,1
346,700000.0,Casablanca,1.0,2.0,2.0,79.0,1,1,0,0,0,0,0,0,1,1,0
347,1990000.0,Casablanca,1.0,2.0,3.0,110.0,1,1,1,1,1,1,0,0,1,1,1
349,890000.0,El Jadida,2.0,3.0,2.0,130.0,0,1,0,0,0,1,0,0,0,0,1
350,890000.0,Had Soualem,1.0,2.0,2.0,98.0,0,0,0,0,0,0,0,0,0,0,0
351,850000.0,Kénitra,1.0,2.0,2.0,80.0,1,1,1,1,1,1,0,0,1,1,1
352,570000.0,El Jadida,1.0,2.0,1.0,70.0,1,0,0,1,0,1,0,0,1,1,1
353,1150000.0,Dar Bouazza,1.0,2.0,1.0,100.0,0,1,0,0,0,0,0,0,1,0,1
354,860000.0,Casablanca,3.0,3.0,2.0,128.0,0,0,0,0,0,0,0,0,0,0,1
355,1500000.0,Rabat,1.0,2.0,1.0,70.0,1,1,0,0,1,0,0,0,1,1,1
356,1240000.0,Casablanca,1.0,2.0,2.0,68.0,1,1,1,1,1,1,0,0,1,1,1
357,1450000.0,Temara,2.0,2.0,2.0,114.0,1,1,0,0,1,1,0,0,1,1,0
358,950000.0,Casablanca,2.0,2.0,1.0,101.0,1,1,0,1,1,1,0,1,1,1,1
359,940000.0,Mohammedia,1.0,2.0,113.0,87.0,0,0,0,0,0,0,0,0,0,1,0
360,295000.0,El Jadida,1.0,2.0,1.0,71.0,0,1,0,0,0,0,0,0,1,0,1
361,1470000.0,Dar Bouazza,1.0,2.0,2.0,116.0,1,1,0,0,0,0,0,0,1,0,1
362,870000.0,Kénitra,1.0,2.0,2.0,84.0,1,1,1,1,1,1,0,0,1,1,1
363,800000.0,Meknès,1.0,2.0,1.0,171.0,1,0,0,1,1,1,0,1,0,1,1
366,240000.0,Fès,1.0,3.0,2.0,72.0,0,1,0,0,0,1,0,0,1,0,0
367,740000.0,Agadir,1.0,2.0,1.0,88.0,1,0,0,0,0,1,0,1,1,1,0
369,950000.0,Casablanca,2.0,2.0,1.0,101.0,1,1,0,1,1,1,0,1,1,1,1
370,650000.0,El Jadida,1.0,2.0,2.0,78.0,1,1,0,0,1,1,0,0,1,1,0
371,510000.0,Casablanca,1.0,2.0,1.0,50.0,0,0,0,0,0,0,0,0,0,0,1
372,1656000.0,Mohammedia,1.0,2.0,2.0,110.0,1,1,1,1,1,1,0,0,1,1,1
374,890000.0,Bouznika,1.0,2.0,2.0,54.0,0,0,0,0,1,0,0,1,1,1,0
375,1400000.0,Rabat,1.0,2.0,2.0,70.0,0,0,0,1,1,1,0,0,1,1,0
376,1250000.0,Casablanca,1.0,3.0,2.0,116.0,1,1,0,1,1,1,0,0,1,1,1
377,970000.0,Agadir,1.0,3.0,2.0,89.0,0,1,0,0,0,1,0,0,0,0,0
378,570000.0,Bouznika,1.0,2.0,1.0,84.0,0,1,0,0,0,1,0,0,0,0,0
380,890000.0,Temara,1.0,2.0,2.0,61.0,0,1,0,0,0,0,0,0,0,0,0
381,890000.0,Agadir,1.0,2.0,2.0,87.0,0,0,0,0,0,0,0,0,0,0,0
382,600000.0,Bouznika,1.0,2.0,1.0,87.0,0,1,0,0,0,1,0,0,0,0,0
383,1250000.0,Martil,1.0,2.0,1.0,70.0,1,1,0,0,1,1,0,0,1,1,1
384,500000.0,Casablanca,1.0,2.0,1.0,54.0,0,0,0,0,0,0,0,0,0,1,1
385,775800.0,Casablanca,1.0,3.0,2.0,78.0,0,0,0,0,0,0,0,0,0,0,0
386,540000.0,Martil,1.0,2.0,2.0,60.0,0,0,0,0,0,0,0,0,0,0,0
387,900000.0,Casablanca,1.0,2.0,1.0,81.0,1,0,1,1,1,1,0,1,1,1,0
388,1500000.0,Casablanca,2.0,2.0,2.0,96.0,1,1,0,1,0,1,0,0,1,1,0
389,300000.0,Casablanca,1.0,2.0,1.0,50.0,0,0,0,0,0,0,0,0,0,0,0
390,890000.0,unkown,1.0,2.0,2.0,88.0,0,0,0,0,0,0,0,0,0,0,0
391,990000.0,Casablanca,1.0,2.0,2.0,96.0,1,0,0,1,1,1,0,0,1,1,1
393,1200000.0,Temara,1.0,3.0,2.0,120.0,0,0,0,0,0,1,0,0,0,0,0
394,270000.0,Tanger,1.0,2.0,1.0,60.0,0,1,0,0,0,0,0,1,0,1,0
396,620000.0,Had Soualem,1.0,3.0,2.0,140.0,0,1,0,0,0,1,0,0,0,0,1
397,740000.0,Salé,1.0,2.0,1.0,72.0,0,1,0,0,1,1,0,0,1,1,0
399,1120000.0,Kénitra,2.0,3.0,2.0,164.0,1,1,0,0,1,1,0,0,1,1,1
400,440000.0,Marrakech,1.0,2.0,1.0,62.0,0,0,0,0,1,0,0,0,1,1,0
401,1200000.0,Casablanca,1.0,1.0,1.0,49.0,1,1,1,1,0,1,0,0,1,1,0
402,740000.0,Bouskoura,1.0,2.0,2.0,84.0,1,1,1,1,1,1,0,0,0,1,1
403,8200.0,Temara,1.0,3.0,2.0,105.0,1,1,0,0,1,1,0,0,1,0,1
404,1400000.0,Casablanca,3.0,3.0,2.0,147.0,1,1,0,0,0,0,0,0,1,1,1
405,800000.0,Casablanca,1.0,3.0,1.0,79.0,0,0,0,0,0,0,0,0,0,0,0
407,360000.0,Tamaris,1.0,2.0,1.0,51.0,0,1,0,0,1,1,0,0,1,1,1
408,11000.0,Casablanca,1.0,2.0,2.0,84.0,1,1,1,1,1,1,0,0,1,1,1
410,840000.0,Casablanca,1.0,2.0,2.0,73.0,0,0,0,0,0,0,0,0,0,0,0
411,700000.0,Agadir,1.0,2.0,1.0,88.0,1,1,0,0,0,1,0,0,0,0,0
412,890000.0,Tamesna,2.0,2.0,2.0,114.0,0,0,0,0,0,0,0,0,0,0,0
413,650000.0,Bouznika,1.0,3.0,1.0,101.0,0,1,0,0,0,1,0,0,0,0,0
414,1570000.0,Casablanca,2.0,2.0,2.0,130.0,1,1,1,1,1,1,0,0,1,1,1
416,1250000.0,Rabat,2.0,2.0,1.0,100.0,0,1,0,0,1,0,0,0,1,1,1
417,1300000.0,Casablanca,2.0,3.0,1.0,108.0,0,0,0,0,0,0,0,0,0,0,0
419,920000.0,Casablanca,1.0,1.0,2.0,75.0,0,0,0,0,0,0,0,0,0,0,0
420,1400000.0,Casablanca,1.0,3.0,2.0,132.0,0,0,0,0,0,0,0,0,0,0,0
421,1780000.0,Casablanca,2.0,3.0,2.0,131.0,1,1,1,1,1,1,0,0,1,1,1
422,200.0,Essaouira,1.0,1.0,1.0,88.0,0,0,0,0,0,0,0,0,0,0,0
423,890000.0,Agadir,1.0,2.0,2.0,47.0,0,0,0,0,0,0,0,0,0,0,0
424,1110000.0,Casablanca,1.0,2.0,2.0,60.0,1,0,0,1,1,1,0,0,1,1,0
425,1500000.0,Dar Bouazza,1.0,2.0,2.0,111.0,1,1,0,0,0,0,0,0,1,0,1
426,402500.0,Casablanca,1.0,2.0,2.0,35.0,0,0,0,0,0,0,0,0,0,0,0
427,1500000.0,Casablanca,2.0,3.0,3.0,124.0,0,0,0,0,0,0,0,0,0,0,0
428,890000.0,Casablanca,2.0,2.0,2.0,109.0,1,1,1,1,1,1,1,0,1,1,1
429,370000.0,Casablanca,1.0,2.0,2.0,62.0,0,0,0,0,0,1,0,0,1,1,0
430,730000.0,Agadir,1.0,2.0,1.0,88.0,0,0,0,0,0,0,0,0,0,1,1
432,890000.0,Mehdia,1.0,2.0,2.0,75.0,1,1,1,1,1,1,0,0,1,1,1
433,890000.0,Mehdia,1.0,2.0,2.0,98.0,1,1,1,1,1,1,0,0,1,1,1
434,890000.0,Casablanca,2.0,2.0,2.0,124.0,0,0,0,0,0,0,0,0,0,0,0
435,890000.0,El Jadida,2.0,2.0,2.0,70.0,0,0,0,0,0,1,0,0,1,1,0
436,890000.0,Mohammedia,2.0,2.0,2.0,111.0,0,1,0,0,0,0,0,0,0,0,0
437,2200000.0,Rabat,1.0,3.0,2.0,116.0,1,1,0,0,1,0,0,0,1,1,1
438,2000000.0,Rabat,3.0,4.0,2.0,100.0,1,0,0,0,0,1,0,0,1,0,0
441,15000.0,Rabat,1.0,3.0,2.0,130.0,0,0,0,0,0,0,0,0,0,0,0
442,890000.0,Mehdia,1.0,2.0,2.0,86.0,1,1,1,1,1,1,0,0,1,1,1
443,890000.0,Mehdia,1.0,2.0,2.0,41.0,0,0,0,0,0,0,0,0,0,0,0
444,580000.0,Kénitra,1.0,2.0,1.0,65.0,1,1,0,0,1,1,0,0,1,1,1
445,920000.0,Casablanca,2.0,2.0,1.0,100.0,0,0,0,0,0,0,0,0,0,0,0
446,720000.0,Temara,1.0,2.0,1.0,75.0,0,1,0,0,0,0,0,0,1,1,1
447,1350000.0,Marrakech,1.0,2.0,2.0,87.0,1,1,1,1,1,1,0,1,1,1,1
448,890000.0,Oujda,1.0,2.0,2.0,90.0,0,0,1,1,0,1,0,0,1,1,0
449,560000.0,Agadir,1.0,2.0,1.0,68.0,0,1,0,0,0,1,0,0,0,0,0
450,1368000.0,Agadir,1.0,3.0,2.0,114.0,1,0,0,0,1,1,0,0,1,0,0
451,820000.0,Salé,1.0,2.0,2.0,81.0,1,1,0,0,1,1,0,0,1,1,1
452,1225000.0,Rabat,2.0,3.0,2.0,118.0,1,1,0,0,1,1,0,0,1,1,1
453,890000.0,Mohammedia,2.0,2.0,2.0,126.0,1,1,1,1,1,1,0,0,1,1,1
454,890000.0,Agadir,2.0,2.0,2.0,87.0,0,0,0,0,0,1,0,0,1,1,0
457,980000.0,Casablanca,1.0,3.0,1.0,80.0,0,0,0,0,0,0,0,0,0,0,0
458,510000.0,Martil,1.0,2.0,1.0,70.0,0,0,0,0,0,0,0,0,0,0,0
459,890000.0,Mehdia,1.0,2.0,2.0,76.0,1,1,1,1,1,1,0,0,1,1,1
460,890000.0,Oued Laou,1.0,2.0,2.0,96.0,1,1,1,1,0,1,0,1,1,0,1
461,890000.0,Cabo Negro,1.0,2.0,2.0,105.0,1,0,1,1,1,1,0,1,1,1,1
462,580000.0,Casablanca,1.0,2.0,1.0,69.0,0,0,0,0,0,0,0,0,0,0,0
463,1300000.0,Casablanca,2.0,3.0,2.0,116.0,1,1,0,1,0,0,0,0,0,1,0
465,2100000.0,Agadir,1.0,2.0,1.0,80.0,1,0,0,1,1,1,0,1,1,1,1
466,1300000.0,Mohammedia,2.0,2.0,3.0,101.0,1,1,0,0,1,1,0,1,1,1,1
467,875000.0,Casablanca,1.0,3.0,2.0,84.0,1,1,0,0,0,1,0,0,1,1,1
468,1350000.0,Cabo Negro,1.0,2.0,1.0,84.0,0,1,0,1,1,1,0,1,1,1,0
470,890000.0,Martil,2.0,2.0,2.0,70.0,0,0,0,0,0,0,0,0,0,0,0
471,890000.0,Agadir,1.0,2.0,1.0,68.0,0,0,1,1,1,1,0,1,1,1,0
472,540000.0,Martil,1.0,2.0,2.0,63.0,0,1,1,0,0,1,0,1,0,1,1
473,890000.0,Saidia,2.0,2.0,2.0,120.0,0,1,0,0,0,0,0,0,0,0,1
474,575000.0,Agadir,1.0,2.0,1.0,64.0,0,1,0,0,1,1,0,0,1,1,1
475,720000.0,Casablanca,1.0,2.0,2.0,78.0,1,1,0,0,0,1,0,0,0,1,0
477,490000.0,Dcheira,1.0,2.0,1.0,52.0,0,0,0,0,0,0,0,0,0,0,0
478,1000000.0,Sidi Rahal,1.0,2.0,1.0,85.0,0,0,0,0,0,0,0,0,0,0,0
479,1150000.0,Casablanca,1.0,2.0,2.0,80.0,0,0,1,1,1,1,0,0,1,1,0
480,837000.0,Casablanca,1.0,2.0,1.0,75.0,1,0,0,1,0,1,0,0,1,0,1
481,1375000.0,Marrakech,1.0,1.0,1.0,55.0,0,0,0,0,0,0,0,0,0,0,0
482,970000.0,Casablanca,1.0,2.0,2.0,91.0,0,0,0,0,0,0,0,0,0,0,0
483,890000.0,Saidia,1.0,2.0,2.0,85.0,0,1,0,0,0,0,0,0,0,0,1
484,1450000.0,Casablanca,1.0,2.0,2.0,112.0,1,1,1,1,1,1,0,0,1,1,0
485,890000.0,Casablanca,1.0,2.0,2.0,71.0,0,0,0,0,0,0,0,0,0,0,0
486,620000.0,Casablanca,2.0,2.0,1.0,81.0,0,0,0,0,0,0,0,0,0,0,0
487,740000.0,Marrakech,1.0,3.0,2.0,130.0,0,1,0,0,0,1,0,0,0,1,0
488,890000.0,Tanger,1.0,2.0,2.0,88.0,1,1,0,0,1,0,0,0,0,1,0
489,1100000.0,Casablanca,1.0,3.0,2.0,116.0,0,0,0,0,0,0,0,0,0,0,0
490,1720000.0,Casablanca,2.0,3.0,3.0,119.0,1,1,1,1,1,1,0,0,1,1,0
491,640000.0,Kénitra,1.0,2.0,2.0,92.0,1,0,1,1,1,1,0,0,1,1,1
492,265000.0,Casablanca,1.0,2.0,1.0,56.0,0,0,0,0,0,0,0,0,0,1,0
493,890000.0,Deroua,1.0,2.0,2.0,74.0,0,0,0,0,0,0,0,0,0,0,0
494,840000.0,Marrakech,1.0,2.0,1.0,84.0,0,0,0,0,0,0,0,0,0,0,0
495,890000.0,Saidia,1.0,2.0,2.0,80.0,0,1,0,0,0,0,0,0,0,0,1
496,460000.0,Casablanca,1.0,2.0,1.0,59.0,0,1,0,0,0,0,0,0,0,0,1
497,1445000.0,Salé,2.0,4.0,2.0,138.0,1,1,0,0,1,1,0,0,1,1,1
498,890000.0,Mehdia,1.0,2.0,2.0,68.0,0,0,0,0,0,0,0,0,0,0,0
499,833000.0,Casablanca,1.0,3.0,2.0,84.0,1,1,0,0,0,1,0,0,1,1,1
501,1590000.0,Tanger,1.0,2.0,2.0,128.0,1,1,0,0,1,0,0,0,1,0,0
502,1300000.0,Temara,0.0,4.0,2.0,100.0,0,1,0,1,0,1,0,1,0,0,0
503,1500000.0,Casablanca,2.0,3.0,2.0,105.0,1,1,1,1,1,1,0,0,1,1,0
504,1500000.0,Casablanca,1.0,3.0,2.0,110.0,1,1,0,1,1,1,0,0,1,0,1
505,1850000.0,Casablanca,2.0,3.0,2.0,149.0,1,1,1,1,1,1,0,0,1,1,1
506,828000.0,Casablanca,1.0,2.0,0.0,72.0,1,0,0,1,0,1,0,0,1,0,1
507,1370000.0,Casablanca,2.0,2.0,2.0,111.0,1,1,1,1,1,1,0,0,1,1,1
508,720000.0,Temara,1.0,2.0,1.0,80.0,0,1,0,0,0,0,0,0,1,1,0
509,870000.0,Asilah,1.0,2.0,2.0,81.0,0,0,0,0,0,0,0,0,0,0,0
510,640000.0,Asilah,1.0,1.0,1.0,52.0,1,1,0,1,1,1,0,0,1,1,1
511,799000.0,Bouskoura,1.0,2.0,2.0,90.0,1,1,1,1,1,1,0,0,1,1,1
512,740000.0,Marrakech,1.0,2.0,2.0,70.0,1,0,1,1,1,1,1,0,0,1,1
513,890000.0,Mehdia,1.0,2.0,2.0,78.0,1,1,1,1,1,1,0,0,1,1,1
514,890000.0,Casablanca,2.0,2.0,2.0,100.0,0,0,0,0,1,0,0,1,1,0,0
515,8200.0,Temara,1.0,3.0,2.0,105.0,1,1,0,0,1,1,0,0,1,0,1
516,950000.0,Temara,1.0,2.0,2.0,93.0,0,1,0,0,0,0,0,0,0,1,0
517,560000.0,Kénitra,1.0,2.0,1.0,65.0,1,1,0,0,1,1,0,0,1,1,1
518,750000.0,Temara,2.0,2.0,2.0,98.0,0,1,0,0,1,1,0,0,0,1,0
520,900000.0,Casablanca,2.0,3.0,2.0,96.0,0,1,0,0,1,1,0,0,1,1,0
521,520000.0,Mohammedia,1.0,2.0,1.0,52.0,0,1,0,0,0,1,0,0,0,0,0
522,1450000.0,Casablanca,1.0,3.0,2.0,105.0,1,0,1,0,1,1,0,0,1,1,0
523,1730000.0,Rabat,1.0,3.0,1.0,126.0,0,1,0,0,1,1,0,0,1,1,1
524,890000.0,Mehdia,1.0,2.0,2.0,80.0,1,1,1,1,1,1,0,0,1,1,1
526,2250000.0,Mohammedia,1.0,2.0,2.0,137.0,1,1,0,1,1,0,0,0,1,1,1
527,1220000.0,Salé,1.0,3.0,2.0,117.0,1,1,0,0,1,1,0,0,1,1,1
528,890000.0,Mehdia,1.0,2.0,2.0,72.0,1,1,1,1,1,1,0,0,1,1,1
529,480000.0,Casablanca,2.0,2.0,1.0,65.0,0,1,1,1,1,1,0,0,0,1,0
530,920000.0,El Jadida,1.0,3.0,2.0,110.0,0,0,0,0,1,1,0,0,1,1,1
531,1280000.0,Casablanca,2.0,2.0,2.0,81.0,0,0,0,0,0,0,0,0,0,0,0
532,1300000.0,Kénitra,2.0,3.0,2.0,172.0,1,1,0,1,1,1,0,0,1,1,1
533,680000.0,Casablanca,2.0,2.0,1.0,74.0,0,1,1,1,1,1,0,0,0,1,0
534,630000.0,Marrakech,2.0,3.0,1.0,90.0,0,0,0,1,0,1,0,0,0,0,1
535,845000.0,Casablanca,1.0,3.0,2.0,84.0,1,1,0,0,0,1,0,0,0,1,1
536,7000.0,Nouaceur,2.0,3.0,2.0,126.0,1,1,0,1,1,1,0,0,1,1,1
537,890000.0,Casablanca,1.0,2.0,2.0,54.0,0,0,0,0,0,0,0,0,0,0,0
538,275000.0,Casablanca,1.0,2.0,1.0,58.0,0,0,0,0,0,1,0,0,0,0,0
539,890000.0,Rabat,1.0,2.0,2.0,50.0,1,1,0,1,0,1,0,0,1,1,1
540,890000.0,Mohammedia,1.0,2.0,2.0,118.0,0,0,0,0,0,0,0,0,0,0,0
541,840000.0,Fès,3.0,3.0,2.0,120.0,0,0,0,0,0,0,0,0,0,0,0
542,720000.0,Casablanca,1.0,2.0,2.0,78.0,1,1,0,0,0,1,0,0,0,1,0
543,1185000.0,Rabat,1.0,3.0,2.0,114.0,1,1,0,0,1,1,0,0,1,1,1
544,1260000.0,Casablanca,2.0,3.0,2.0,121.0,1,0,0,0,0,1,0,0,0,0,1
545,1250000.0,Casablanca,1.0,3.0,1.0,97.0,1,1,0,0,1,1,0,0,1,1,1
546,899999.0,Casablanca,2.0,3.0,2.0,96.0,0,1,0,0,1,1,0,0,1,1,0
547,820000.0,Casablanca,1.0,3.0,1.0,82.0,0,1,0,0,0,1,0,0,1,0,1
548,1110000.0,Casablanca,1.0,3.0,3.0,109.0,1,1,1,1,1,1,0,0,1,1,0
549,1950000.0,Casablanca,2.0,3.0,3.0,150.0,1,0,1,1,1,1,0,0,1,1,1
550,820000.0,Casablanca,1.0,2.0,2.0,90.0,0,1,1,1,0,1,0,0,0,1,1
551,1475000.0,Salé,2.0,4.0,2.0,142.0,1,1,0,0,1,1,0,0,1,1,1
552,890000.0,Tanger,1.0,2.0,2.0,64.0,1,1,0,0,1,1,0,0,1,1,0
553,8000.0,Fès,1.0,3.0,2.0,107.0,0,1,0,0,0,1,0,0,1,1,0
554,1360000.0,Casablanca,2.0,3.0,2.0,125.0,1,1,0,0,1,0,0,0,1,1,1
555,690000.0,Casablanca,1.0,3.0,1.0,95.0,0,0,0,0,0,0,0,0,0,0,0
558,1150000.0,Casablanca,1.0,2.0,1.0,95.0,1,1,1,1,1,1,0,0,1,1,0
559,950000.0,Casablanca,2.0,2.0,2.0,102.0,0,0,0,0,0,0,0,0,0,1,1
560,820000.0,Casablanca,1.0,3.0,2.0,80.0,1,1,0,0,0,1,0,0,0,1,1
561,472000.0,Casablanca,1.0,2.0,1.0,50.0,0,0,0,0,0,0,0,0,0,0,0
562,2200000.0,Rabat,2.0,3.0,2.0,118.0,0,0,0,0,0,0,0,0,0,0,0
563,760000.0,Casablanca,1.0,2.0,1.0,76.0,1,0,0,0,0,0,0,0,1,1,0
564,650000.0,El Jadida,1.0,2.0,2.0,102.0,1,1,0,0,1,1,0,0,1,0,0
565,880000.0,Casablanca,1.0,2.0,2.0,78.0,1,0,1,1,1,1,0,0,1,1,1
566,920000.0,Casablanca,1.0,2.0,2.0,80.0,1,1,0,1,1,1,0,0,1,1,1
567,920000.0,Kénitra,2.0,3.0,2.0,122.0,1,1,1,1,1,1,0,0,1,1,0
568,1100000.0,Casablanca,1.0,2.0,2.0,74.0,1,1,0,0,1,0,0,0,0,0,0
569,840000.0,Casablanca,1.0,1.0,1.0,38.0,1,1,1,1,1,1,0,1,1,1,1
571,1240000.0,Casablanca,2.0,3.0,2.0,109.0,1,1,1,1,1,1,1,0,1,1,1
572,890000.0,Saidia,0.0,2.0,2.0,60.0,0,1,0,0,0,0,0,0,0,0,0
573,1200000.0,Temara,2.0,3.0,2.0,140.0,0,0,0,0,0,0,0,0,1,1,1
574,890000.0,Temara,1.0,2.0,2.0,84.0,0,0,0,0,0,0,0,0,1,0,0
575,890000.0,Cabo Negro,1.0,2.0,2.0,61.0,0,0,0,1,1,1,0,1,1,1,1
576,875000.0,Marrakech,1.0,2.0,2.0,36.0,1,1,0,1,0,0,0,0,1,1,1
577,1150000.0,Casablanca,2.0,2.0,1.0,110.0,0,1,1,1,1,1,0,0,1,1,1
578,1300000.0,Marrakech,1.0,2.0,1.0,92.0,1,1,1,1,1,1,0,1,1,1,1
579,890000.0,Casablanca,1.0,2.0,2.0,79.0,1,1,1,1,1,1,0,0,1,1,0
581,750000.0,Casablanca,1.0,3.0,2.0,69.0,1,1,0,0,0,1,0,0,1,1,0
582,510000.0,Oujda,1.0,3.0,2.0,135.0,0,0,0,0,0,1,0,0,0,1,1
583,1200000.0,Temara,1.0,2.0,2.0,84.0,1,1,0,1,1,1,0,0,1,1,1
584,850000.0,Casablanca,1.0,2.0,2.0,66.0,1,0,0,0,0,1,0,0,1,1,1
585,340000.0,Kénitra,1.0,3.0,1.0,66.0,0,0,0,0,0,0,0,0,0,0,0
586,1250000.0,Tanger,1.0,2.0,2.0,111.0,1,1,1,1,1,1,0,1,1,1,0
587,890000.0,Temara,1.0,2.0,2.0,60.0,0,0,0,0,0,0,0,0,0,0,0
588,890000.0,Saidia,1.0,2.0,2.0,80.0,0,1,0,1,0,1,0,1,0,0,1
589,1050000.0,Mohammedia,1.0,3.0,2.0,106.0,0,0,0,0,0,0,0,0,0,0,0
590,650000.0,Tétouan,1.0,2.0,2.0,76.0,1,0,0,0,0,0,0,0,0,0,1
591,890000.0,Casablanca,1.0,2.0,2.0,60.0,0,0,0,0,0,0,0,0,0,0,0
592,1200000.0,Bouznika,1.0,2.0,2.0,90.0,1,1,0,0,0,1,0,0,0,0,1
593,320000.0,Mohammedia,1.0,2.0,1.0,80.0,0,0,0,0,0,1,0,0,0,1,0
594,890000.0,Temara,1.0,2.0,2.0,95.0,0,0,0,0,0,0,0,0,0,0,0
595,490000.0,Saidia,1.0,2.0,1.0,68.0,0,0,0,0,0,0,0,0,0,0,1
596,490000.0,Saidia,1.0,2.0,1.0,65.0,0,0,0,0,0,0,0,0,0,0,0
597,460000.0,Casablanca,1.0,3.0,1.0,65.0,0,0,0,0,0,0,0,0,0,0,0
598,890000.0,Marrakech,2.0,2.0,2.0,100.0,0,0,0,1,0,1,0,0,0,0,1
600,890000.0,Saidia,1.0,2.0,2.0,80.0,0,0,0,0,0,0,0,0,0,0,1
601,800000.0,Casablanca,2.0,2.0,2.0,84.0,1,1,1,0,1,0,0,0,1,1,0
602,1512000.0,Casablanca,1.0,3.0,2.0,112.0,1,1,0,0,1,1,0,1,1,1,1
603,265000.0,Casablanca,1.0,2.0,1.0,56.0,0,1,0,0,0,0,0,0,0,1,0
604,890000.0,Marrakech,1.0,2.0,2.0,110.0,1,1,1,1,0,1,0,0,1,1,1
605,890000.0,Kénitra,1.0,2.0,2.0,84.0,0,0,0,0,0,0,0,0,0,0,0
606,1400000.0,Temara,1.0,3.0,2.0,84.0,0,0,0,0,1,1,0,0,1,1,0
607,952000.0,Marrakech,1.0,2.0,1.0,68.0,1,0,0,0,0,0,0,0,1,0,1
608,828000.0,Salé,2.0,2.0,2.0,92.0,1,1,0,0,1,1,0,0,1,1,1
609,1200000.0,Rabat,1.0,1.0,2.0,62.0,1,1,0,1,1,1,0,1,0,1,0
610,450000.0,Ain Attig,1.0,2.0,1.0,59.0,1,0,0,0,0,1,0,0,0,1,0
611,880000.0,Casablanca,1.0,1.0,1.0,48.0,1,0,1,1,1,1,0,0,1,1,0
612,1100000.0,Rabat,1.0,2.0,1.0,83.0,0,0,0,0,1,0,0,0,0,1,1
613,750000.0,Casablanca,1.0,1.0,1.0,34.0,1,1,1,1,1,1,0,1,1,1,1
614,410000.0,Tanger,1.0,2.0,2.0,75.0,0,0,0,0,0,0,0,0,0,0,0
615,890000.0,Saidia,1.0,2.0,2.0,80.0,0,1,0,0,0,0,0,0,0,0,1
616,600000.0,El Jadida,1.0,2.0,2.0,101.0,0,1,0,0,0,1,0,0,1,0,0
617,660000.0,Marrakech,1.0,2.0,2.0,61.0,1,0,0,1,0,1,0,0,1,1,0
620,2100000.0,Casablanca,2.0,3.0,2.0,112.0,1,1,1,1,1,1,0,0,1,1,1
621,1500000.0,Temara,2.0,3.0,3.0,160.0,0,0,0,0,1,1,0,1,1,1,1
622,1670000.0,Casablanca,2.0,2.0,3.0,117.0,1,1,1,1,1,1,1,1,1,1,1
623,800000.0,Casablanca,1.0,3.0,90.0,88.0,1,0,0,0,0,0,0,0,0,0,0
624,1450000.0,Martil,1.0,2.0,2.0,116.0,1,1,0,0,1,1,0,1,1,0,1
625,700000.0,Casablanca,1.0,2.0,2.0,84.0,0,0,0,0,0,1,0,0,1,1,0
626,500000.0,Casablanca,1.0,2.0,1.0,70.0,0,0,0,0,0,0,0,0,0,0,0
627,890000.0,Agadir,1.0,2.0,2.0,101.0,0,0,0,0,0,0,0,0,0,0,0
628,480000.0,Agadir,1.0,2.0,1.0,49.0,0,0,0,0,0,0,0,0,0,0,0
629,630000.0,Temara,1.0,2.0,1.0,77.0,1,0,0,0,0,1,0,0,1,1,1
630,1000000.0,Casablanca,2.0,2.0,2.0,98.0,1,1,1,1,1,1,0,0,1,1,1
631,470000.0,Sidi Rahal,1.0,2.0,1.0,77.0,0,0,0,0,0,0,0,0,0,0,1
632,850000.0,Temara,1.0,3.0,2.0,88.0,0,0,0,0,0,1,0,0,0,1,0
633,460000.0,Marrakech,1.0,2.0,1.0,64.0,0,0,0,0,0,0,0,0,0,0,0
634,1500000.0,Salé,1.0,3.0,2.0,122.0,1,0,0,0,0,1,0,0,1,1,0
635,650000.0,Bouznika,2.0,2.0,2.0,65.0,1,1,1,1,0,1,0,0,0,0,1
636,1350000.0,Marrakech,1.0,2.0,1.0,88.0,1,0,0,1,1,1,0,1,0,1,1
637,1140000.0,Tétouan,1.0,2.0,2.0,107.0,0,0,0,0,0,0,0,0,0,0,0
638,1030000.0,Casablanca,1.0,2.0,2.0,92.0,1,1,0,1,0,1,0,0,1,1,1
639,480000.0,Oujda,1.0,3.0,1.0,114.0,0,0,0,0,0,1,0,0,0,0,1
640,1000000.0,Mohammedia,2.0,2.0,2.0,80.0,0,0,0,0,0,1,0,1,1,1,1
641,890000.0,Mohammedia,2.0,2.0,2.0,132.0,1,1,1,1,1,1,0,1,1,1,1
642,265000.0,Casablanca,1.0,2.0,1.0,56.0,0,1,0,0,0,0,0,0,0,1,0
643,890000.0,Tanger,1.0,2.0,2.0,55.0,0,0,0,0,0,0,0,0,0,0,0
644,1920000.0,Casablanca,1.0,3.0,2.0,138.0,1,1,0,1,0,1,0,0,1,0,1
645,755000.0,Bouskoura,1.0,2.0,2.0,76.0,1,1,0,0,1,1,0,0,1,1,0
646,1400000.0,Mohammedia,2.0,2.0,1.0,116.0,0,0,0,0,0,0,0,0,0,0,0
647,11500.0,Tanger,1.0,2.0,1.0,69.0,0,0,0,0,0,0,0,0,0,0,0
648,890000.0,Casablanca,1.0,2.0,2.0,49.0,0,0,0,0,0,0,0,0,0,0,0
649,440000.0,Marrakech,1.0,2.0,1.0,62.0,0,0,0,0,0,0,0,0,0,0,0
650,780000.0,Marrakech,1.0,2.0,2.0,77.0,1,1,0,0,1,1,0,0,1,1,1
651,890000.0,Casablanca,2.0,2.0,2.0,92.0,0,0,0,0,0,0,0,0,0,0,0
652,895000.0,Casablanca,1.0,2.0,2.0,87.0,1,1,0,0,1,1,0,0,1,1,1
653,1800000.0,Casablanca,2.0,3.0,2.0,53.0,1,1,1,1,1,1,0,0,1,1,0
655,2100000.0,Casablanca,2.0,3.0,2.0,112.0,1,1,1,1,1,1,0,0,1,1,1
656,2200000.0,Casablanca,1.0,3.0,3.0,119.0,1,1,0,1,1,1,0,0,1,1,0
658,1350000.0,Casablanca,1.0,3.0,2.0,130.0,1,1,0,0,1,0,0,0,1,1,1
659,890000.0,Casablanca,2.0,2.0,2.0,94.0,1,1,0,0,1,0,0,0,1,1,0
660,440000.0,Safi,1.0,4.0,2.0,100.0,0,0,0,0,0,0,0,0,0,0,0
661,620000.0,Casablanca,1.0,2.0,1.0,52.0,1,1,0,0,1,1,0,0,1,1,1
662,977000.0,Casablanca,1.0,3.0,2.0,85.0,1,1,0,0,1,1,0,0,1,0,1
663,820000.0,Agadir,1.0,2.0,2.0,82.0,1,0,0,0,1,1,0,0,0,1,0
664,1100000.0,Casablanca,2.0,2.0,2.0,96.0,1,0,0,0,1,0,0,0,0,0,1
665,15000.0,Rabat,1.0,3.0,2.0,130.0,0,0,0,0,0,0,0,0,0,0,0
666,730000.0,Marrakech,1.0,1.0,1.0,40.0,1,0,0,1,1,1,0,1,1,1,0
668,1400000.0,Casablanca,1.0,2.0,1.0,79.0,1,1,0,0,0,0,0,1,0,0,1
670,1520000.0,Temara,1.0,3.0,2.0,97.0,1,1,0,0,1,1,0,0,1,1,0
671,470000.0,Mohammedia,1.0,2.0,1.0,61.0,1,1,0,0,0,1,0,0,1,0,1
672,890000.0,Casablanca,1.0,2.0,2.0,116.0,1,1,1,1,1,1,1,1,1,1,1
673,1600000.0,Agadir,2.0,2.0,2.0,130.0,1,1,0,1,1,1,0,1,1,1,0
674,1650000.0,Temara,1.0,3.0,2.0,90.0,1,1,0,0,0,0,0,0,1,1,1
675,1750000.0,Temara,1.0,2.0,2.0,84.0,1,1,0,1,0,1,0,0,1,1,0
676,700000.0,Casablanca,1.0,2.0,1.0,71.0,0,0,0,0,0,0,0,0,0,0,0
677,800000.0,Casablanca,2.0,3.0,2.0,84.0,1,1,0,0,1,0,0,0,1,1,0
680,800000.0,Bouskoura,1.0,2.0,2.0,76.0,1,1,0,0,1,1,0,0,1,1,1
682,420000.0,Casablanca,1.0,2.0,1.0,81.0,1,1,0,0,0,1,0,0,1,0,1
683,880000.0,Casablanca,2.0,2.0,2.0,82.0,0,0,0,0,0,0,0,0,0,0,0
684,1450000.0,Casablanca,2.0,2.0,2.0,132.0,1,1,0,0,1,0,0,0,1,1,1
685,850000.0,Casablanca,1.0,2.0,1.0,78.0,0,0,0,0,0,0,0,0,0,0,0
686,809000.0,Casablanca,1.0,1.0,1.0,44.0,0,0,0,0,0,0,0,0,0,0,0
687,890000.0,Casablanca,2.0,2.0,2.0,93.0,1,0,0,0,1,1,0,0,1,0,1
688,800000.0,Marrakech,2.0,3.0,2.0,146.0,0,0,0,0,0,0,0,0,0,0,0
690,1350000.0,Cabo Negro,1.0,2.0,1.0,84.0,0,1,0,1,1,1,0,1,1,1,0
692,890000.0,Agadir,1.0,2.0,2.0,86.0,1,0,0,0,0,1,0,0,1,1,1
693,799000.0,Bouskoura,1.0,2.0,2.0,90.0,1,1,1,1,1,1,0,0,1,1,1
694,840000.0,Asilah,2.0,2.0,1.0,90.0,0,0,1,1,1,1,0,1,1,1,1
695,585000.0,Bouskoura,1.0,2.0,2.0,59.0,1,1,0,0,1,1,0,0,1,1,0
696,11000.0,Tanger,1.0,3.0,2.0,144.0,1,0,0,1,1,1,0,1,1,1,0
697,380000.0,Casablanca,1.0,2.0,1.0,47.0,0,0,0,0,0,1,0,0,0,0,1
698,770000.0,Casablanca,1.0,1.0,1.0,33.0,1,1,0,1,1,1,0,0,1,1,0
699,809000.0,Casablanca,1.0,1.0,1.0,37.0,1,1,1,1,1,1,0,0,1,1,1
700,980000.0,Marrakech,1.0,3.0,2.0,88.0,0,0,0,0,0,0,0,0,0,0,0
701,580000.0,Mohammedia,1.0,2.0,1.0,70.0,0,0,0,0,0,0,0,0,0,0,0
702,890000.0,Casablanca,1.0,2.0,2.0,103.0,1,1,0,0,1,0,0,0,1,1,0
703,855000.0,Bouskoura,1.0,2.0,2.0,83.0,1,1,0,0,1,1,0,0,1,1,1
704,1115500.0,Marrakech,1.0,2.0,1.0,97.0,0,0,0,0,0,0,0,0,0,0,0
705,7000.0,Casablanca,1.0,3.0,2.0,128.0,0,1,0,0,1,1,0,1,1,1,1
706,1190000.0,Fès,3.0,3.0,3.0,151.0,1,1,0,1,0,1,0,0,1,1,0
707,1280000.0,Temara,1.0,3.0,2.0,90.0,0,1,0,0,0,0,0,0,0,1,0
708,500000.0,Casablanca,1.0,1.0,1.0,60.0,0,0,0,0,0,0,0,0,0,0,0
709,600000.0,Marrakech,1.0,3.0,1.0,84.0,0,0,0,1,0,1,0,0,0,0,1
710,890000.0,Casablanca,2.0,2.0,2.0,87.0,0,1,0,0,0,0,0,0,0,1,0
712,17500.0,Casablanca,1.0,2.0,2.0,71.0,1,1,0,0,1,1,0,0,1,0,1
713,910000.0,Agadir,1.0,2.0,2.0,80.0,1,0,0,0,1,1,0,0,1,1,0
714,759900.0,Bouskoura,1.0,2.0,2.0,82.0,1,1,0,0,1,0,0,0,1,1,1
715,790000.0,Bouskoura,1.0,2.0,83.0,83.0,1,1,0,0,1,0,0,0,1,0,0
716,392000.0,Casablanca,1.0,2.0,1.0,56.0,0,0,0,0,0,1,0,0,1,0,0
717,800000.0,Casablanca,2.0,3.0,2.0,84.0,1,1,1,0,1,0,0,0,1,1,0
718,1220000.0,Marrakech,1.0,2.0,2.0,81.0,1,1,0,0,1,1,0,0,0,1,0
719,1100000.0,Casablanca,2.0,2.0,2.0,97.0,1,1,0,0,1,1,0,0,1,1,1
721,1450000.0,Casablanca,2.0,2.0,2.0,132.0,1,1,0,0,1,0,0,0,1,1,1
722,1450000.0,Casablanca,2.0,2.0,2.0,132.0,1,1,0,0,1,0,0,0,1,1,1
723,780000.0,Agadir,1.0,2.0,2.0,72.0,0,0,0,0,0,0,0,0,1,1,1
725,700000.0,Casablanca,1.0,2.0,2.0,84.0,0,0,0,0,0,1,0,0,1,1,0
727,690000.0,Casablanca,2.0,3.0,2.0,110.0,0,1,0,0,0,0,1,0,0,0,1
729,1500000.0,Rabat,2.0,2.0,2.0,132.0,1,0,1,1,1,0,0,0,1,1,1
733,190000.0,Salé,1.0,2.0,1.0,55.0,1,1,0,0,0,0,0,0,1,0,1
734,900000.0,Marrakech,1.0,2.0,1.0,96.0,0,0,0,0,0,0,0,0,0,0,0
735,1500000.0,Casablanca,2.0,3.0,3.0,147.0,1,1,1,1,1,1,0,0,1,1,1
737,880000.0,Bouskoura,1.0,2.0,2.0,96.0,0,0,0,0,0,0,0,0,0,0,0
738,890000.0,Casablanca,1.0,2.0,2.0,121.0,1,1,1,1,1,1,0,0,1,1,1
739,900000.0,Temara,1.0,2.0,2.0,90.0,0,0,0,0,0,0,0,0,0,0,0
740,950000.0,Casablanca,1.0,4.0,2.0,118.0,1,0,0,0,1,0,0,0,1,1,0
741,620000.0,Had Soualem,1.0,3.0,2.0,140.0,0,1,0,0,0,1,0,0,0,0,1
742,820000.0,Rabat,1.0,2.0,1.0,73.0,0,0,1,1,0,1,0,0,1,1,0
743,2019001.0,Agadir,1.0,4.0,1.0,146.0,0,0,0,0,0,0,0,0,0,0,0
744,280000.0,Oujda,1.0,2.0,1.0,68.0,0,0,0,1,1,1,0,0,1,1,1
745,890000.0,Tanger,1.0,2.0,2.0,120.0,1,1,0,1,1,1,1,1,1,1,1
746,1850000.0,Casablanca,1.0,3.0,2.0,138.0,1,1,0,1,1,1,0,0,1,1,1
747,890000.0,Casablanca,1.0,2.0,2.0,75.0,1,0,0,1,1,0,0,0,0,1,0
748,2200000.0,Rabat,1.0,3.0,2.0,108.0,1,1,0,0,1,1,0,0,1,1,0
749,15000.0,Rabat,1.0,3.0,2.0,169.0,1,1,1,1,0,1,0,0,1,1,0
750,730000.0,Agadir,1.0,2.0,1.0,74.0,0,0,0,0,0,1,0,0,0,0,0
751,912500.0,Agadir,1.0,3.0,1.0,73.0,0,0,0,0,0,0,0,0,0,0,0
752,460000.0,Casablanca,1.0,2.0,1.0,54.0,0,0,0,0,0,0,0,0,0,0,0
753,750000.0,Casablanca,1.0,2.0,2.0,75.0,1,0,0,0,1,0,0,0,0,1,0
754,1200000.0,Tanger,1.0,3.0,2.0,120.0,1,1,0,0,1,0,0,0,0,1,1
755,780000.0,Kénitra,1.0,3.0,2.0,105.0,1,1,0,1,1,1,0,0,0,1,0
756,1050000.0,Asilah,1.0,2.0,1.0,74.0,1,0,1,1,1,1,0,0,1,1,1
758,680000.0,Asilah,1.0,1.0,1.0,63.0,1,1,1,1,1,1,0,0,1,1,1
759,890000.0,El Jadida,1.0,3.0,2.0,109.0,0,1,0,0,0,0,0,0,0,0,1
760,15000.0,Rabat,1.0,3.0,2.0,130.0,1,1,1,1,1,1,0,1,1,1,1
761,820000.0,Rabat,1.0,2.0,1.0,74.0,0,0,0,0,0,0,0,0,0,0,0
762,890000.0,El Jadida,1.0,2.0,2.0,72.0,1,1,0,0,1,1,0,1,1,1,1
763,340000.0,Rabat,1.0,1.0,1.0,34.0,0,1,1,0,0,0,0,0,1,1,0
764,1800000.0,Casablanca,1.0,2.0,2.0,117.0,1,0,0,1,1,1,0,0,1,1,1
765,1100000.0,Casablanca,2.0,2.0,2.0,93.0,1,0,1,1,1,1,0,1,1,1,1
767,940000.0,Inzegan,1.0,3.0,1.0,100.0,0,0,0,0,0,0,0,0,0,0,0
768,640000.0,El Jadida,1.0,3.0,2.0,86.0,0,0,0,0,0,1,0,0,0,1,1
769,890000.0,Ifrane,2.0,1.0,1.0,84.0,0,1,0,1,0,1,0,1,1,1,1
770,1370000.0,Rabat,1.0,3.0,1.0,92.0,1,0,0,0,1,0,0,0,1,1,0
771,562500.0,Dakhla,1.0,3.0,1.0,62.0,0,0,0,0,0,0,0,0,0,0,0
772,790000.0,Meknès,2.0,3.0,2.0,113.0,1,1,0,0,1,1,0,0,1,0,0
774,1780000.0,Casablanca,2.0,2.0,2.0,100.0,1,1,1,1,1,1,0,0,1,1,1
775,1159000.0,Agadir,1.0,3.0,1.0,95.0,0,0,0,0,0,0,0,0,0,0,0
776,850000.0,Casablanca,1.0,2.0,2.0,66.0,0,0,0,0,0,0,0,0,0,0,0
777,701720.0,Dcheïra El Jihadia,1.0,3.0,2.0,84.0,0,0,0,0,0,0,0,0,0,0,0
778,790000.0,Dcheïra El Jihadia,1.0,3.0,3.0,105.0,0,0,0,0,1,0,0,0,1,1,1
779,1133603.0,Agadir,1.0,4.0,1.0,89.0,0,0,0,0,0,0,0,0,0,0,0
780,1150000.0,Casablanca,1.0,2.0,1.0,131.0,0,0,0,0,0,0,0,0,0,0,0
781,1160000.0,Rabat,2.0,2.0,1.0,77.0,0,1,0,0,1,1,0,0,1,0,0
782,1980000.0,Casablanca,1.0,3.0,2.0,144.0,1,0,1,1,1,1,0,0,1,1,0
783,890000.0,Casablanca,1.0,2.0,2.0,81.0,0,0,0,0,0,0,0,0,0,0,0
785,580000.0,Casablanca,1.0,2.0,1.0,73.0,0,1,0,0,1,0,0,0,1,1,0
786,1550000.0,Casablanca,1.0,3.0,2.0,115.0,1,1,0,0,1,1,0,0,0,1,0
787,1647000.0,Bouskoura,1.0,3.0,2.0,126.0,1,0,0,1,1,1,0,0,1,1,0
788,2100000.0,Dar Bouazza,4.0,3.0,3.0,155.0,1,1,0,1,0,1,0,0,1,1,0
789,1100000.0,Temara,2.0,2.0,1.0,95.0,1,1,1,1,1,1,0,0,1,1,0
790,600000.0,El Jadida,1.0,2.0,1.0,134.0,0,0,1,0,0,1,0,1,1,1,1
792,1350000.0,Dar Bouazza,1.0,2.0,2.0,81.0,1,1,1,1,1,1,1,0,1,1,1
793,190000.0,Salé,1.0,2.0,1.0,55.0,1,1,0,0,0,0,0,0,1,0,1
794,890000.0,Casablanca,1.0,2.0,2.0,80.0,0,1,0,0,1,1,0,0,1,0,1
795,760000.0,Marrakech,1.0,3.0,1.0,85.0,0,0,0,1,0,1,0,0,0,0,1
796,620000.0,El Jadida,1.0,3.0,2.0,82.0,0,1,0,0,0,0,0,0,0,0,1
797,840000.0,Asilah,2.0,2.0,1.0,90.0,0,0,1,1,1,1,0,1,1,1,1
799,2220000.0,Casablanca,3.0,3.0,2.0,127.0,1,0,0,1,1,1,0,1,0,1,0
800,1350000.0,Casablanca,1.0,2.0,2.0,84.0,1,1,0,0,1,1,0,0,1,1,0
801,1650000.0,Casablanca,1.0,2.0,2.0,117.0,1,1,0,0,1,1,0,0,1,1,1
802,360000.0,Marrakech,1.0,2.0,1.0,62.0,0,0,0,0,0,0,0,0,0,0,0
803,880000.0,Casablanca,1.0,2.0,2.0,88.0,1,1,0,0,1,1,0,0,1,1,1
804,1280000.0,Casablanca,1.0,3.0,3.0,132.0,1,1,0,0,1,1,0,0,1,1,1
805,1050000.0,Agadir,1.0,2.0,2.0,101.0,1,1,1,1,1,1,0,0,1,1,0
806,635000.0,Bouskoura,1.0,2.0,2.0,65.0,1,1,0,0,1,1,0,0,1,1,1
807,690000.0,Fès,2.0,3.0,2.0,129.0,1,1,0,1,1,0,0,0,1,1,0
808,890000.0,Temara,1.0,2.0,2.0,94.0,1,1,0,0,1,1,0,1,1,1,0
809,1000000.0,Bouskoura,1.0,1.0,2.0,99.0,1,1,1,1,1,1,0,0,1,1,1
810,890000.0,Taghazout,0.0,2.0,2.0,84.0,0,1,1,1,1,1,0,1,1,1,1
811,860000.0,Kénitra,2.0,3.0,2.0,96.0,1,0,0,1,1,1,0,0,1,1,0
812,640000.0,Martil,1.0,3.0,1.0,66.0,1,1,1,1,1,1,0,1,0,1,1
813,1280000.0,Kénitra,2.0,3.0,2.0,134.0,1,1,1,1,1,1,0,0,1,1,1
814,620000.0,Martil,1.0,2.0,1.0,53.0,0,1,1,1,1,1,0,1,0,1,1
815,590000.0,Kénitra,2.0,2.0,2.0,108.0,0,0,0,0,1,1,0,0,0,1,1
816,1700000.0,Rabat,2.0,3.0,2.0,110.0,1,0,0,0,1,1,0,0,1,1,1
817,400000.0,Marrakech,1.0,2.0,1.0,70.0,0,0,0,0,0,0,0,0,0,0,0
818,890000.0,Martil,1.0,2.0,2.0,62.0,0,1,0,0,0,1,0,1,0,1,1
819,700000.0,Béni Mellal,2.0,3.0,2.0,120.0,0,0,0,0,0,0,0,0,0,0,0
820,1250000.0,Temara,2.0,2.0,2.0,90.0,0,1,0,1,0,1,0,1,0,0,0
821,1750000.0,Casablanca,2.0,3.0,2.0,111.0,1,0,1,1,1,1,0,0,1,1,0
822,890000.0,Fès,1.0,2.0,2.0,154.0,1,1,0,1,1,0,0,0,1,1,1
823,860000.0,Kénitra,2.0,3.0,2.0,120.0,1,1,0,0,0,0,0,0,0,0,0
824,900000.0,Casablanca,2.0,2.0,1.0,85.0,1,1,0,0,1,1,0,0,1,1,0
825,15000.0,Rabat,1.0,3.0,2.0,130.0,1,1,1,1,1,1,0,1,1,1,1
826,300000.0,Casablanca,1.0,2.0,1.0,72.0,0,0,0,0,0,0,0,0,0,0,0
827,890000.0,Casablanca,2.0,2.0,2.0,86.0,0,1,1,1,1,1,0,1,1,1,1
828,480000.0,Fès,2.0,2.0,2.0,100.0,0,0,0,0,0,0,0,0,0,1,1
829,620000.0,Fès,2.0,3.0,2.0,142.0,0,0,0,0,0,0,0,0,0,0,0
831,700000.0,Tanger,1.0,3.0,2.0,74.0,0,0,0,0,0,0,0,0,0,0,0
832,11000.0,Casablanca,2.0,2.0,2.0,90.0,1,1,1,1,1,1,0,0,1,1,0
833,530000.0,Agadir,1.0,2.0,1.0,58.0,0,0,0,0,0,0,0,0,0,0,0
834,640000.0,Marrakech,1.0,2.0,1.0,80.0,0,1,0,0,0,0,0,0,0,0,1
836,624000.0,Kénitra,1.0,2.0,2.0,78.0,1,1,0,1,0,1,0,0,1,0,1
837,1450000.0,Temara,1.0,2.0,2.0,102.0,0,1,0,1,0,0,0,0,1,1,1
838,520000.0,Temara,1.0,1.0,1.0,60.0,1,1,0,0,0,1,0,0,0,0,0
839,35.0,Tanger,1.0,2.0,1.0,48.0,1,1,0,0,0,0,0,0,0,1,0
840,1000000.0,Casablanca,1.0,2.0,1.0,96.0,1,0,0,0,1,0,0,0,0,0,0
841,690000.0,Kénitra,1.0,2.0,2.0,91.0,0,1,0,0,0,1,0,0,1,0,1
842,360000.0,Salé,1.0,2.0,2.0,63.0,0,0,0,0,0,0,0,0,0,0,0
843,1250000.0,Dar Bouazza,2.0,2.0,2.0,128.0,1,1,1,0,1,1,0,0,1,1,1
844,760000.0,Kénitra,2.0,3.0,3.0,115.0,1,1,0,0,1,1,0,0,1,1,1
846,840000.0,Kénitra,2.0,3.0,3.0,120.0,1,1,0,1,1,1,0,0,1,1,1
847,790000.0,Bouznika,1.0,3.0,2.0,94.0,0,1,0,0,0,1,0,0,1,0,0
848,1780000.0,Casablanca,1.0,3.0,2.0,123.0,1,1,0,0,1,0,0,0,1,0,0
849,2050000.0,Casablanca,1.0,3.0,2.0,119.0,0,0,0,0,0,0,0,0,0,0,0
850,580000.0,Casablanca,1.0,2.0,1.0,88.0,0,0,0,0,0,0,0,0,0,0,0
851,947600.0,Bouskoura,1.0,3.0,2.0,92.0,1,1,0,0,0,1,0,0,1,1,0
852,1990000.0,Casablanca,1.0,3.0,2.0,114.0,1,0,0,1,0,0,0,0,1,1,1
853,850000.0,Casablanca,1.0,2.0,1.0,86.0,1,0,0,0,1,1,0,0,1,1,1
854,2150000.0,Sidi Bouknadel,2.0,3.0,3.0,145.0,1,1,0,0,1,1,0,0,1,1,1
855,710000.0,Kénitra,1.0,2.0,2.0,106.0,0,0,0,1,1,1,0,0,1,1,1
857,1240000.0,Casablanca,2.0,3.0,2.0,109.0,1,1,1,1,1,1,1,0,1,1,1
858,699000.0,Casablanca,1.0,2.0,2.0,76.0,1,1,0,0,0,1,0,0,1,1,0
859,19000.0,Casablanca,1.0,3.0,2.0,114.0,1,1,1,1,1,1,0,0,1,1,1
860,890000.0,Salé,1.0,2.0,2.0,102.0,0,0,0,0,0,0,0,0,0,0,0
863,1200000.0,Temara,1.0,2.0,2.0,84.0,1,1,0,1,1,1,0,0,1,1,1
864,1300000.0,Casablanca,1.0,3.0,2.0,88.0,1,1,0,0,1,1,0,0,1,1,1
865,1150000.0,El Mansouria,1.0,2.0,2.0,83.0,0,1,0,0,0,1,0,1,1,1,1
866,1390000.0,Casablanca,1.0,2.0,2.0,75.0,1,1,1,1,1,1,0,0,1,1,1
867,300000.0,Skhirat,1.0,2.0,2.0,62.0,0,0,0,0,0,0,0,0,0,0,0
868,1280000.0,Casablanca,2.0,3.0,2.0,126.0,1,1,0,0,1,1,0,0,1,1,0
869,890000.0,Agadir,1.0,2.0,2.0,87.0,1,1,0,1,0,1,0,1,1,1,0
870,1250000.0,Marrakech,1.0,2.0,2.0,82.0,0,0,0,0,0,0,0,0,0,0,0
871,890000.0,Casablanca,0.0,2.0,2.0,98.0,1,1,0,0,0,1,0,0,1,1,0
872,740000.0,Temara,1.0,2.0,2.0,98.0,0,1,0,0,1,1,0,0,1,1,1
873,720000.0,Mohammedia,2.0,2.0,2.0,92.0,0,1,0,0,0,0,0,0,1,1,0
874,480000.0,Casablanca,1.0,1.0,1.0,44.0,1,0,0,0,1,1,0,0,1,0,1
875,870000.0,Mohammedia,1.0,2.0,1.0,94.0,0,0,0,0,1,1,0,0,1,1,0
876,1400000.0,Casablanca,3.0,3.0,2.0,147.0,1,1,0,0,0,0,0,0,1,1,1
878,2200000.0,Rabat,2.0,3.0,3.0,130.0,0,0,0,0,1,1,1,0,1,1,0
879,700000.0,Casablanca,1.0,3.0,2.0,70.0,1,0,0,0,1,1,0,0,1,1,1
880,620000.0,Marrakech,2.0,1.0,1.0,54.0,0,0,0,0,0,0,0,0,0,0,0
881,320000.0,Casablanca,1.0,2.0,1.0,50.0,0,0,0,0,0,0,0,0,0,0,0
882,850000.0,Marrakech,1.0,2.0,2.0,54.0,1,1,1,1,1,1,0,1,1,1,1
883,800000.0,Temara,1.0,2.0,2.0,80.0,0,1,0,0,0,1,0,0,0,0,0
884,1050000.0,Temara,1.0,3.0,2.0,95.0,0,1,0,0,0,1,0,0,0,0,0
885,1200000.0,Temara,1.0,3.0,2.0,134.0,0,0,0,0,0,0,0,0,0,0,1
886,1450000.0,Temara,1.0,3.0,2.0,119.0,1,1,0,1,1,1,0,0,1,1,0
887,820000.0,El Jadida,1.0,3.0,1.0,91.0,0,0,0,0,0,1,0,0,0,0,1
888,1060000.0,Mohammedia,1.0,3.0,1.0,87.0,1,1,0,1,0,1,0,0,1,1,0
889,890000.0,Casablanca,1.0,2.0,2.0,64.0,0,0,0,0,0,0,0,0,0,0,0
891,699999.0,Kénitra,2.0,2.0,2.0,100.0,1,1,0,1,1,1,0,0,1,1,0
892,905000.0,Casablanca,1.0,2.0,2.0,82.0,1,1,0,0,1,1,0,0,1,1,1
893,400000.0,Marrakech,1.0,2.0,1.0,70.0,0,0,0,0,0,0,0,0,0,0,0
894,400000.0,Temara,1.0,2.0,1.0,51.0,0,1,0,0,1,0,0,0,0,0,0
895,1580000.0,Casablanca,1.0,3.0,3.0,135.0,1,1,0,0,1,1,0,0,1,0,1
896,1800000.0,Temara,1.0,3.0,2.0,109.0,1,1,0,1,1,1,0,1,1,1,1
897,675000.0,Casablanca,1.0,3.0,2.0,70.0,1,1,0,0,1,1,0,0,0,1,0
898,350000.0,Temara,1.0,2.0,1.0,51.0,0,1,0,0,0,0,0,0,0,0,0
899,600000.0,Casablanca,2.0,3.0,1.0,93.0,0,0,0,0,0,0,0,0,1,0,1
900,1800000.0,Agadir,1.0,2.0,1.0,84.0,1,1,1,1,0,1,0,1,1,1,1
901,890000.0,Temara,1.0,2.0,2.0,50.0,0,0,0,0,1,0,0,0,1,1,0
902,670000.0,Casablanca,1.0,3.0,2.0,106.0,0,1,0,0,0,0,0,0,1,0,0
903,890000.0,Temara,1.0,2.0,2.0,67.0,0,0,0,0,0,0,0,0,0,0,0
904,600000.0,Khouribga,2.0,2.0,1.0,106.0,0,1,0,0,0,0,0,0,0,0,0
905,1200000.0,Temara,1.0,3.0,1.0,127.0,0,1,0,0,0,0,0,0,0,0,0
906,680000.0,Casablanca,1.0,2.0,1.0,56.0,1,0,0,0,1,1,0,0,1,0,1
907,1400000.0,Casablanca,1.0,3.0,2.0,132.0,1,1,0,0,0,0,0,0,1,0,0
908,890000.0,Tanger,1.0,2.0,2.0,95.0,1,0,0,1,1,1,0,1,1,1,0
909,1500000.0,Casablanca,2.0,3.0,2.0,109.0,0,0,0,0,0,0,0,0,0,0,0
910,890000.0,Casablanca,1.0,2.0,2.0,108.0,0,0,0,0,0,0,0,0,0,0,0
911,1150000.0,Casablanca,1.0,2.0,1.0,85.0,1,0,0,0,1,0,0,0,1,1,1
912,15500.0,Marrakech,1.0,3.0,2.0,124.0,1,1,1,1,0,1,0,0,1,1,1
913,890000.0,Casablanca,0.0,2.0,2.0,108.0,0,0,0,0,0,0,0,0,0,0,0
914,500000.0,Kénitra,1.0,2.0,2.0,75.0,0,1,0,1,0,1,0,0,0,1,0
915,1700000.0,Tanger,1.0,2.0,2.0,90.0,1,1,0,1,1,1,0,0,1,0,0
916,300000.0,Tamesna,1.0,2.0,1.0,50.0,0,0,0,0,0,1,0,0,0,0,0
917,1350000.0,Casablanca,1.0,2.0,2.0,120.0,1,0,0,0,1,1,0,0,1,1,1
918,420000.0,Casablanca,2.0,2.0,1.0,78.0,1,1,1,0,0,1,0,0,1,0,0
919,680000.0,Salé,1.0,2.0,1.0,70.0,0,0,0,0,0,0,0,0,0,0,0
922,740000.0,Casablanca,1.0,4.0,3.0,100.0,0,0,0,0,0,1,0,0,1,0,0
923,1600000.0,Casablanca,1.0,3.0,2.0,143.0,1,1,1,1,1,0,0,0,1,1,1
924,890000.0,Tanger,1.0,2.0,2.0,100.0,1,1,1,1,1,1,0,1,0,1,0
928,430000.0,Rabat,1.0,2.0,1.0,50.0,0,0,0,0,0,0,0,0,0,0,0
929,360000.0,El Jadida,1.0,2.0,1.0,58.0,0,0,0,0,0,0,0,0,1,0,0
930,825000.0,Casablanca,1.0,3.0,2.0,97.0,1,1,0,1,0,1,0,0,1,1,0
931,815000.0,Bouskoura,1.0,2.0,2.0,82.0,1,1,0,0,1,1,0,0,1,1,1
933,780000.0,Bouskoura,1.0,2.0,2.0,75.0,1,1,1,1,1,1,0,0,1,1,1
934,860000.0,Casablanca,1.0,2.0,1.0,83.0,1,1,0,0,1,1,0,0,0,1,1
935,720000.0,Bouznika,2.0,3.0,2.0,96.0,0,1,0,0,0,1,0,0,0,0,1
936,860000.0,Bouskoura,2.0,2.0,2.0,86.0,1,1,0,0,1,1,0,0,1,1,1
937,350000.0,Tanger,1.0,2.0,1.0,64.0,0,0,0,0,0,0,0,0,0,1,0
938,1800000.0,Mohammedia,1.0,3.0,2.0,117.0,1,1,0,1,1,1,0,0,1,1,0
940,1590000.0,Casablanca,1.0,3.0,2.0,102.0,0,0,0,0,0,0,0,0,0,0,0
941,2200000.0,Casablanca,1.0,3.0,2.0,166.0,1,1,1,1,0,1,0,0,1,0,1
942,970000.0,Casablanca,1.0,2.0,1.0,77.0,1,0,1,0,0,1,0,0,0,1,1
943,1100000.0,Tanger,1.0,3.0,2.0,97.0,0,0,0,0,0,0,0,0,0,0,0
944,1620000.0,Casablanca,1.0,3.0,2.0,135.0,0,0,0,0,0,0,0,0,0,0,0
946,890000.0,Mohammedia,1.0,2.0,2.0,48.0,0,0,0,0,0,0,0,0,0,0,0
947,890000.0,Casablanca,1.0,2.0,2.0,70.0,0,0,0,0,0,1,0,1,0,1,0
949,1150000.0,Casablanca,1.0,2.0,1.0,80.0,1,0,0,0,1,0,0,0,0,1,1
950,620000.0,Had Soualem,2.0,3.0,2.0,120.0,0,1,0,0,0,1,0,0,0,1,1
951,1500000.0,Casablanca,1.0,3.0,2.0,88.0,1,1,0,0,0,0,0,0,1,1,0
952,1300000.0,Casablanca,1.0,3.0,2.0,105.0,1,1,0,0,1,0,0,0,1,0,0
953,2040000.0,Casablanca,1.0,2.0,2.0,97.0,1,0,1,1,0,1,0,0,1,1,1
954,1690000.0,Casablanca,1.0,3.0,2.0,120.0,1,1,0,1,1,1,0,0,1,0,0
955,890000.0,Kénitra,1.0,3.0,1.0,120.0,1,1,0,1,1,1,0,0,1,1,1
956,2250000.0,Casablanca,1.0,3.0,2.0,166.0,1,1,1,1,0,0,0,0,1,1,1
958,890000.0,Casablanca,0.0,2.0,2.0,98.0,1,1,0,0,0,1,0,0,1,1,0
960,1220000.0,Temara,1.0,2.0,2.0,92.0,0,0,0,0,0,0,0,0,0,0,0
962,1200000.0,Casablanca,1.0,3.0,2.0,110.0,1,1,1,1,0,1,0,0,1,1,1
963,560000.0,Kénitra,2.0,2.0,2.0,80.0,1,1,0,1,1,1,0,0,1,1,0
964,2200000.0,Casablanca,1.0,3.0,2.0,132.0,1,0,0,0,1,0,0,0,1,0,1
965,1950000.0,Casablanca,1.0,2.0,2.0,94.0,1,1,1,1,0,1,0,0,1,1,1
969,600000.0,Casablanca,1.0,1.0,1.0,56.0,1,1,0,0,1,0,0,0,1,1,1
972,815000.0,Bouskoura,1.0,2.0,2.0,82.0,1,1,0,0,1,1,0,0,1,1,1
973,690000.0,Agadir,0.0,2.0,2.0,72.0,1,0,0,1,1,1,0,1,1,1,0
974,590000.0,Kénitra,2.0,2.0,2.0,108.0,0,0,0,0,1,1,0,0,0,1,1
975,1050000.0,Mohammedia,1.0,2.0,1.0,75.0,1,0,0,0,0,0,0,0,0,0,0
976,1700000.0,Casablanca,1.0,3.0,2.0,118.0,1,1,0,0,1,0,0,0,1,0,0
977,890000.0,Mers El Kheir,1.0,2.0,2.0,116.0,0,0,0,0,0,0,0,0,1,1,0
978,890000.0,Martil,1.0,2.0,2.0,79.0,1,0,0,0,1,1,0,0,0,1,0
979,600000.0,El Jadida,1.0,2.0,2.0,85.0,1,1,0,0,0,1,0,0,0,0,0
980,400.0,Kénitra,1.0,1.0,1.0,70.0,0,0,0,0,0,0,0,0,0,0,0
981,760000.0,Bouznika,2.0,4.0,1.0,160.0,1,0,0,0,0,1,0,0,0,0,1
982,890000.0,Salé,2.0,2.0,2.0,50.0,0,0,0,0,0,0,0,0,0,1,0
983,1390000.0,Temara,1.0,3.0,134.0,134.0,0,0,0,0,0,0,0,0,0,0,0
984,890000.0,Agadir,2.0,2.0,2.0,88.0,0,0,0,0,0,1,0,1,1,0,1
985,400000.0,Bouskoura,1.0,3.0,2.0,75.0,0,0,0,0,1,0,0,0,1,1,0
986,890000.0,Meknès,1.0,2.0,2.0,60.0,0,0,0,0,0,0,0,0,0,0,0
987,650000.0,Tétouan,2.0,2.0,1.0,90.0,1,1,0,1,1,1,0,0,0,0,0
988,560000.0,El Jadida,1.0,2.0,1.0,70.0,0,0,0,0,0,0,0,0,0,0,0
990,890000.0,Ain Attig,1.0,2.0,2.0,58.0,0,1,0,0,1,0,0,0,1,0,0
991,3000.0,Fès,1.0,2.0,2.0,120.0,0,1,0,0,1,0,0,0,1,1,0
992,890000.0,Meknès,1.0,2.0,2.0,76.0,0,1,0,0,0,0,0,0,0,1,1
993,480000.0,Agadir,1.0,2.0,1.0,58.0,0,1,0,0,0,0,0,0,0,0,0
995,770000.0,Casablanca,1.0,1.0,1.0,33.0,1,1,0,1,1,1,0,0,1,1,0
996,510000.0,Casablanca,1.0,1.0,1.0,50.0,1,0,0,0,1,0,0,0,1,1,0
997,1100000.0,Marrakech,1.0,2.0,2.0,85.0,1,1,0,0,1,1,0,0,1,1,1
1000,1250000.0,Salé,1.0,3.0,2.0,115.0,0,0,0,0,0,0,0,0,0,0,0
1001,1751000.0,Marrakech,1.0,2.0,1.0,103.0,1,1,0,0,0,0,0,0,0,1,1
1002,850000.0,Meknès,1.0,3.0,3.0,130.0,1,0,1,0,1,0,0,0,1,1,1
1003,360000.0,Tétouan,1.0,2.0,1.0,61.0,0,1,0,0,0,1,0,0,0,0,0
1005,450000.0,Casablanca,1.0,2.0,1.0,88.0,0,0,0,0,0,0,0,0,0,0,0
1006,890000.0,Tanger,1.0,2.0,2.0,102.0,1,0,1,1,1,1,0,0,1,1,0
1007,1250000.0,Mohammedia,1.0,2.0,2.0,92.0,0,0,0,0,0,0,0,0,0,0,0
1008,1130000.0,Kénitra,2.0,2.0,2.0,111.0,1,1,0,1,1,1,0,0,1,1,1
1009,850000.0,Casablanca,1.0,2.0,2.0,89.0,1,0,0,0,1,1,0,0,1,1,1
1010,1420000.0,Casablanca,1.0,3.0,2.0,121.0,1,1,0,0,1,0,0,0,1,1,0
1011,1160000.0,Rabat,2.0,3.0,3.0,150.0,0,0,1,0,0,0,1,0,1,1,0
1012,380000.0,Casablanca,1.0,2.0,1.0,56.0,0,0,0,0,0,0,0,0,0,0,0
1013,490000.0,Bouznika,1.0,2.0,1.0,68.0,0,1,0,0,0,1,0,0,0,0,0
1014,2000000.0,Marrakech,1.0,3.0,2.0,139.0,1,1,1,1,1,1,0,0,1,1,1
1015,720000.0,Fès,1.0,2.0,2.0,135.0,0,1,0,0,0,1,0,0,1,1,1
1016,550000.0,Rabat,1.0,2.0,2.0,86.0,1,0,0,0,1,1,0,1,1,0,0
1017,890000.0,Casablanca,2.0,2.0,2.0,157.0,0,1,0,1,1,0,0,0,0,1,0
1018,720000.0,Casablanca,1.0,2.0,2.0,78.0,0,0,1,1,0,0,0,0,0,0,1
1019,1680000.0,Temara,1.0,3.0,2.0,106.0,0,1,1,1,0,1,0,0,0,1,0
1020,1350000.0,Marrakech,1.0,2.0,2.0,89.0,1,1,0,0,1,1,0,0,1,1,1
1021,1100000.0,Tamesna,2.0,3.0,2.0,118.0,1,1,0,1,0,1,0,0,1,1,1
1022,1250000.0,Mohammedia,1.0,2.0,1.0,92.0,0,0,0,0,0,0,0,0,0,0,0
1023,640000.0,Tamesna,1.0,3.0,2.0,115.0,1,1,0,0,0,0,0,0,1,1,1
1024,1050000.0,Mohammedia,1.0,2.0,1.0,89.0,1,1,1,1,1,1,0,0,1,1,1
1025,890000.0,Mohammedia,1.0,2.0,2.0,61.0,0,0,0,0,0,0,0,0,0,0,0
1026,760000.0,Mohammedia,1.0,2.0,2.0,86.0,0,0,0,0,0,0,0,0,0,0,0
1027,890000.0,Kénitra,1.0,2.0,2.0,105.0,0,0,0,0,0,0,0,0,0,0,0
1028,890000.0,Casablanca,1.0,2.0,2.0,60.0,0,1,0,0,0,0,0,0,0,0,0
1029,700000.0,Had Soualem,1.0,3.0,2.0,120.0,0,1,0,0,0,1,0,0,0,0,1
1030,890000.0,El Jadida,1.0,2.0,2.0,58.0,0,0,0,0,0,0,0,0,0,0,0
1033,1690000.0,Agadir,2.0,2.0,2.0,100.0,0,0,0,0,0,0,0,0,0,0,0
1034,1900000.0,Tanger,1.0,2.0,2.0,75.0,1,1,1,1,1,1,0,1,1,1,0
1036,400000.0,Kénitra,2.0,2.0,2.0,75.0,0,0,0,0,0,1,0,0,0,0,0
1037,450000.0,Tiznit,1.0,3.0,2.0,80.0,0,0,0,0,0,0,0,0,1,1,1
1038,760000.0,Casablanca,1.0,1.0,1.0,55.0,1,1,0,0,1,0,0,0,1,1,1
1039,560000.0,Salé,1.0,2.0,1.0,67.0,0,0,0,0,0,0,0,0,0,0,0
1040,750000.0,Casablanca,1.0,2.0,1.0,74.0,0,1,0,0,1,0,0,0,1,1,1
1041,1120000.0,Casablanca,1.0,2.0,1.0,89.0,1,1,1,1,1,1,0,0,1,1,0
1042,1050000.0,Tanger,1.0,2.0,1.0,80.0,1,0,0,0,1,0,0,0,0,1,0
1044,990000.0,Casablanca,1.0,3.0,2.0,99.0,1,1,0,0,1,1,0,0,1,1,0
1045,700000.0,Mohammedia,1.0,2.0,2.0,76.0,1,0,0,0,0,1,0,1,1,1,0
1046,2100000.0,Marrakech,1.0,2.0,2.0,78.0,1,1,1,1,1,1,0,0,1,1,0
1047,1200000.0,Casablanca,2.0,2.0,2.0,87.0,1,0,1,1,1,1,0,0,1,1,0
1048,850000.0,Rabat,1.0,3.0,1.0,90.0,1,1,0,0,1,0,0,0,0,1,0
1049,460000.0,Casablanca,1.0,3.0,1.0,65.0,0,0,0,0,0,0,0,0,0,0,0
1050,110000.0,Rabat,1.0,2.0,1.0,80.0,1,0,0,0,0,0,0,0,0,0,0
1051,890000.0,Mohammedia,1.0,2.0,2.0,106.0,0,1,0,0,0,0,0,0,0,0,0
1052,470000.0,Casablanca,1.0,2.0,1.0,50.0,0,0,0,0,0,0,0,0,0,0,0
1053,800000.0,Casablanca,1.0,3.0,1.0,88.0,0,0,0,0,0,0,0,0,0,0,0
1055,2700.0,Salé,2.0,1.0,1.0,64.0,0,1,0,0,0,0,0,0,0,0,0
1056,1620000.0,Casablanca,2.0,3.0,2.0,150.0,0,0,0,0,0,1,0,1,1,1,0
1057,330000.0,Agadir,1.0,2.0,1.0,50.0,0,0,0,0,0,0,0,0,0,0,0
1058,1420000.0,Temara,1.0,2.0,2.0,84.0,1,1,1,1,1,1,0,0,1,1,0
1059,550000.0,Agadir Melloul,1.0,2.0,1.0,85.0,0,0,0,0,0,0,0,0,0,0,0
1060,850000.0,Tanger,1.0,2.0,1.0,76.0,1,1,0,1,0,0,0,0,0,1,0
1061,850000.0,Tanger,1.0,2.0,1.0,76.0,1,1,0,1,0,0,0,0,0,1,0
1062,380000.0,Casablanca,1.0,2.0,1.0,52.0,0,0,0,0,0,1,0,0,1,0,0
1063,540000.0,Salé,2.0,2.0,1.0,62.0,0,0,0,0,0,0,0,0,0,0,1
1064,890000.0,Nador,1.0,2.0,2.0,23.0,0,0,0,0,0,0,0,0,0,0,0
1065,1800000.0,Asilah,1.0,2.0,2.0,137.0,1,1,1,1,1,1,0,1,1,1,1
1066,550000.0,Salé,1.0,2.0,1.0,64.0,0,0,0,0,0,0,0,0,0,0,0
1067,1380000.0,Casablanca,2.0,2.0,1.0,103.0,1,1,0,0,1,1,0,0,1,1,0
1070,280000.0,Casablanca,1.0,2.0,1.0,50.0,0,0,0,0,0,0,0,0,0,0,0
1071,610000.0,Salé,1.0,3.0,1.0,110.0,0,0,0,0,0,0,0,0,0,0,1
1072,635000.0,Tanger,1.0,2.0,1.0,84.0,0,0,0,0,0,0,0,0,0,0,0
1073,550000.0,Casablanca,1.0,2.0,1.0,54.0,1,1,0,0,1,1,0,0,1,1,0
1074,890000.0,Marrakech,8.0,2.0,2.0,20.0,0,0,0,0,0,0,0,0,0,0,0
1075,200000.0,Fès,2.0,2.0,1.0,64.0,0,0,0,0,0,0,0,0,0,0,0
1076,320000.0,Casablanca,1.0,2.0,1.0,50.0,0,0,0,0,0,0,0,0,0,0,0
1077,890000.0,Bouznika,1.0,2.0,2.0,72.0,0,0,0,0,0,0,0,0,0,0,0
1078,1350000.0,Marrakech,1.0,2.0,2.0,111.0,1,1,0,1,1,1,0,1,1,1,1
1079,200000.0,Fès,2.0,2.0,2.0,64.0,0,1,0,0,0,0,0,0,0,0,0
1080,1200000.0,Marrakech,1.0,2.0,1.0,86.0,1,1,1,1,1,1,0,0,1,1,1
1081,1950000.0,Casablanca,1.0,2.0,2.0,95.0,1,1,0,1,1,1,0,0,1,1,0
1083,890000.0,Salé,1.0,2.0,2.0,63.0,0,1,0,0,0,0,0,1,1,1,0
1084,890000.0,Casablanca,2.0,2.0,2.0,130.0,1,1,0,0,0,1,0,0,1,1,1
1085,890000.0,Marrakech,1.0,2.0,2.0,100.0,0,0,0,0,0,0,0,0,0,0,0
1086,100000.0,Tanger,2.0,2.0,1.0,137.0,0,1,0,0,0,1,0,1,0,1,1
1087,1350000.0,Marrakech,1.0,2.0,1.0,68.0,1,1,1,1,1,1,0,1,1,1,1
1088,2200000.0,Tanger,1.0,2.0,2.0,130.0,1,0,0,1,1,1,1,0,1,1,1
1089,660000.0,Berrechid,1.0,3.0,2.0,85.0,1,1,0,0,1,1,1,0,1,1,0
1090,400000.0,Fès,1.0,2.0,2.0,72.0,0,1,0,0,0,0,0,0,0,0,1
1091,890000.0,Salé,1.0,2.0,2.0,78.0,0,0,0,0,0,0,0,0,0,0,0
1092,105000.0,Temara,1.0,2.0,1.0,87.0,0,1,0,0,1,1,0,0,1,1,1
1093,1200000.0,El Menzeh,1.0,3.0,1.0,90.0,0,0,0,0,0,0,0,0,0,0,0
1094,890000.0,Mohammedia,2.0,2.0,2.0,127.0,0,0,0,0,0,0,0,0,0,0,1
1095,1350000.0,Casablanca,1.0,2.0,1.0,108.0,1,1,0,0,0,0,0,0,1,0,0
1096,310000.0,Essaouira,1.0,2.0,1.0,66.0,0,0,0,0,0,0,0,0,1,0,0
1097,340000.0,Casablanca,1.0,2.0,1.0,75.0,0,0,0,0,0,0,0,0,0,0,0
1098,900000.0,El Jadida,1.0,3.0,2.0,123.0,0,0,0,0,0,0,0,0,0,0,0
1099,1190000.0,Casablanca,1.0,3.0,1.0,97.0,1,1,0,1,1,1,0,0,1,1,0
1100,1500000.0,Rabat,1.0,2.0,1.0,110.0,0,1,0,0,0,0,0,0,0,0,1
1101,500000.0,Casablanca,1.0,2.0,1.0,57.0,1,0,0,0,0,0,0,0,1,1,0
1102,550000.0,Tanger,1.0,3.0,1.0,86.0,0,0,0,0,0,0,0,0,0,0,0
1103,890000.0,Mohammedia,1.0,2.0,2.0,78.0,0,0,0,0,0,0,0,0,0,0,0
1104,360000.0,Casablanca,1.0,1.0,1.0,69.0,0,0,0,0,0,0,0,0,0,0,0
1107,1700000.0,Casablanca,1.0,2.0,2.0,115.0,0,0,0,0,0,0,0,0,0,0,0
1108,1870000.0,Casablanca,2.0,3.0,2.0,170.0,1,0,0,0,0,0,0,0,1,1,0
1109,1070000.0,Rabat,1.0,2.0,1.0,80.0,1,1,0,0,0,0,0,0,0,0,1
1110,890000.0,Salé,1.0,2.0,2.0,108.0,1,1,0,1,1,1,0,0,1,0,0
1111,600000.0,Salé,1.0,2.0,1.0,100.0,0,0,0,0,0,0,0,0,0,0,0
1112,1440000.0,Casablanca,2.0,2.0,2.0,93.0,0,0,0,0,0,0,0,0,0,0,0
1113,1200000.0,Tanger,1.0,3.0,2.0,96.0,1,1,0,0,1,1,0,0,0,1,0
1114,19000.0,Marrakech,1.0,2.0,2.0,51.0,1,1,1,1,1,1,1,1,1,1,1
1115,890000.0,Casablanca,1.0,2.0,2.0,73.0,0,0,0,0,0,0,0,0,0,0,0
1116,595000.0,Kénitra,1.0,2.0,1.0,71.0,1,1,0,0,1,1,0,0,1,1,0
1117,2200000.0,Rabat,1.0,2.0,2.0,120.0,0,1,0,0,0,0,0,0,0,1,0
1118,540000.0,Marrakech,1.0,3.0,1.0,70.0,0,0,0,1,0,1,0,0,0,0,1
1119,1200000.0,Marrakech,2.0,3.0,3.0,108.0,1,1,1,1,1,1,0,0,1,1,1
1120,140000.0,Meknès,2.0,3.0,2.0,126.0,0,0,0,0,0,0,0,0,0,0,0
1121,890000.0,El Mansouria,1.0,2.0,2.0,84.0,0,1,1,1,1,1,0,0,1,0,1
1123,1900000.0,Casablanca,1.0,2.0,2.0,110.0,1,0,0,0,1,1,0,1,1,1,1
1124,650000.0,Rabat,1.0,2.0,2.0,95.0,0,1,0,1,0,1,0,0,0,0,0
1125,900000.0,Casablanca,1.0,2.0,2.0,78.0,1,1,0,0,1,0,0,0,1,1,0
1126,1650000.0,Tanger,2.0,2.0,2.0,125.0,1,1,0,0,0,0,0,1,0,0,0
1127,350000.0,Tétouan,1.0,2.0,1.0,160.0,0,1,0,0,0,0,0,0,0,0,0
1129,580000.0,Marrakech,1.0,2.0,1.0,78.0,0,1,0,0,0,0,0,0,0,0,0
1130,890000.0,Casablanca,1.0,2.0,2.0,97.0,0,1,0,0,0,0,0,0,0,0,0
1131,1120000.0,Marrakech,1.0,2.0,2.0,75.0,1,1,0,1,1,1,0,0,1,0,0
1132,23000.0,Marrakech,1.0,1.0,1.0,44.0,1,1,0,1,0,0,1,0,1,1,1
1133,500000.0,Saidia,1.0,2.0,1.0,65.0,1,0,1,1,0,0,0,0,0,1,1
1134,920000.0,Marrakech,1.0,3.0,2.0,109.0,1,0,0,0,1,0,0,0,0,1,0
1136,890000.0,Fès,2.0,2.0,2.0,130.0,0,0,0,0,0,0,0,0,0,0,1
1137,1280000.0,El Jadida,2.0,3.0,1.0,136.0,1,1,0,0,1,1,1,0,1,1,1
1138,525000.0,Kénitra,1.0,2.0,2.0,54.0,1,1,0,1,1,1,0,0,1,1,0
1139,940000.0,Casablanca,1.0,2.0,2.0,78.0,1,1,0,0,0,1,0,0,1,1,1
1140,690000.0,Kénitra,2.0,3.0,2.0,110.0,1,0,0,0,1,1,0,0,1,1,0
1141,1250000.0,Casablanca,1.0,2.0,2.0,93.0,1,0,0,1,1,1,0,0,1,1,0
1142,2000000.0,Casablanca,1.0,3.0,2.0,117.0,1,0,1,1,1,1,0,0,1,1,0
1143,890000.0,Agadir,1.0,2.0,2.0,62.0,0,0,0,0,0,0,0,0,0,0,0
1144,12000.0,Essaouira,1.0,3.0,2.0,100.0,0,1,0,0,0,1,0,0,1,1,0
1145,860000.0,Temara,1.0,2.0,2.0,84.0,0,0,0,0,0,0,0,0,0,0,0
1146,500000.0,Fès,1.0,2.0,1.0,114.0,0,1,1,1,0,1,0,0,1,1,0
1147,890000.0,Casablanca,1.0,2.0,2.0,50.0,0,0,0,0,0,0,0,0,0,0,0
1148,943000.0,Casablanca,1.0,3.0,2.0,82.0,1,1,1,1,1,1,0,0,1,0,1
1149,1670000.0,Casablanca,1.0,1.0,1.0,54.0,1,0,1,0,0,1,0,1,1,1,0
1150,1390000.0,Marrakech,1.0,2.0,2.0,111.0,1,1,1,1,0,1,0,0,1,1,0
1152,280000.0,Tanger,1.0,2.0,1.0,53.0,0,1,0,0,0,0,0,0,0,1,0
1153,850000.0,Casablanca,1.0,3.0,1.0,85.0,1,0,0,0,0,0,0,0,0,0,0
1155,550000.0,Agadir Melloul,1.0,2.0,1.0,85.0,0,0,0,0,0,0,0,0,0,0,0
1156,920000.0,Marrakech,1.0,2.0,1.0,74.0,1,1,1,0,1,1,1,0,1,1,0
1157,650000.0,Mdiq,1.0,1.0,1.0,88.0,0,0,1,1,1,0,0,1,1,1,0
1158,1450000.0,Temara,1.0,2.0,1.0,112.0,0,0,0,0,0,0,0,0,0,0,0
1159,800000.0,Casablanca,1.0,1.0,1.0,63.0,1,1,0,0,0,0,0,0,0,0,0
1160,250000.0,Casablanca,1.0,2.0,1.0,53.0,1,1,0,0,1,0,0,0,1,1,1
1161,877200.0,Nouaceur,1.0,3.0,2.0,102.0,1,1,0,0,0,0,0,0,1,1,0
1162,1250000.0,Marrakech,1.0,2.0,1.0,86.0,1,1,0,1,1,1,0,1,0,1,1
1164,570000.0,Kénitra,2.0,2.0,2.0,72.0,0,0,0,1,0,1,0,0,0,0,0
1165,890000.0,Asilah,0.0,2.0,2.0,48.0,0,0,0,0,0,0,0,0,0,0,0
1166,880000.0,Casablanca,4.0,2.0,1.0,88.0,0,0,0,0,0,0,1,0,0,0,0
1167,570000.0,Kénitra,2.0,2.0,2.0,75.0,0,0,0,1,0,1,0,0,0,0,0
1168,840000.0,Kénitra,2.0,3.0,2.0,150.0,0,0,0,0,0,1,0,0,0,0,0
1169,1023500.0,Casablanca,1.0,1.0,1.0,41.0,1,1,0,0,0,0,0,0,1,0,1
1170,1350000.0,Rabat,1.0,3.0,1.0,77.0,0,0,0,0,0,0,0,0,0,0,0
1171,750000.0,Kénitra,1.0,3.0,2.0,95.0,0,0,0,0,0,1,0,0,0,0,0
1172,890000.0,Martil,1.0,2.0,2.0,48.0,1,0,1,1,1,0,0,0,1,1,0
1173,2000000.0,Marrakech,1.0,2.0,2.0,100.0,1,0,1,1,1,1,1,1,1,1,1
1175,320000.0,Tit Mellil,1.0,3.0,1.0,72.0,1,0,0,0,1,1,0,0,1,0,0
1176,1000000.0,Marrakech,2.0,2.0,1.0,92.0,0,0,0,0,0,0,0,0,0,0,0
1177,1050000.0,Temara,1.0,2.0,2.0,87.0,1,1,0,0,0,1,0,0,0,0,0
1178,890000.0,Tanger,1.0,2.0,2.0,66.0,1,1,0,0,0,0,0,0,0,0,0
1180,1350000.0,Marrakech,1.0,2.0,2.0,87.0,1,1,1,1,1,1,0,0,1,1,1
1182,435000.0,Casablanca,1.0,2.0,1.0,63.0,0,1,0,0,0,1,0,0,1,1,0
1183,1400000.0,Casablanca,1.0,1.0,1.0,58.0,1,0,1,1,0,1,0,0,1,1,0
1184,840000.0,Casablanca,2.0,2.0,1.0,112.0,0,0,0,0,0,0,0,0,0,0,0
1185,784000.0,Marrakech,1.0,3.0,1.0,98.0,0,0,0,0,0,0,0,0,0,0,0
1186,800000.0,Bouskoura,1.0,2.0,2.0,77.0,1,1,0,1,0,1,0,0,1,0,0
1187,1500000.0,Casablanca,1.0,3.0,2.0,129.0,1,1,0,0,0,0,0,0,0,0,1
1188,1325000.0,Casablanca,1.0,1.0,1.0,55.0,1,1,0,0,0,0,0,0,1,0,1
1189,1141000.0,Casablanca,1.0,1.0,1.0,47.0,1,0,0,0,0,0,0,0,1,0,0
1190,1106000.0,Marrakech,1.0,2.0,2.0,79.0,0,0,0,0,0,0,0,0,0,0,0
1191,579999.0,Kénitra,2.0,2.0,2.0,84.0,1,1,0,1,1,1,0,0,1,1,1
1192,685000.0,Casablanca,1.0,2.0,1.0,61.0,1,1,0,0,1,1,0,0,1,0,0
1193,1460000.0,Temara,1.0,2.0,2.0,138.0,1,1,0,0,0,1,0,0,0,1,1
1194,950000.0,Marrakech,2.0,2.0,1.0,83.0,1,1,0,1,1,1,0,1,1,1,0
1195,890000.0,Agadir,2.0,2.0,2.0,87.0,0,0,0,0,0,1,0,0,0,0,1
1196,1500000.0,Marrakech,1.0,3.0,2.0,107.0,0,0,0,0,0,0,0,0,0,0,0
1197,700000.0,Casablanca,1.0,3.0,1.0,79.0,0,1,0,0,0,0,0,0,0,0,0
1198,420000.0,Mohammedia,1.0,2.0,1.0,65.0,0,0,0,0,0,0,0,0,0,0,0
1199,700000.0,Fès,2.0,3.0,2.0,120.0,0,1,0,0,0,0,0,0,1,0,0
1200,890000.0,Casablanca,1.0,2.0,2.0,88.0,1,0,0,0,0,0,0,0,1,1,0
1201,1150000.0,Marrakech,1.0,3.0,2.0,114.0,1,1,0,0,1,1,0,0,1,1,0
1202,560000.0,Marrakech,1.0,2.0,2.0,64.0,1,1,0,0,1,1,0,0,0,1,0
1204,850000.0,Casablanca,1.0,3.0,2.0,82.0,1,1,0,0,1,0,0,0,1,1,0
1205,950000.0,Marrakech,2.0,3.0,1.0,100.0,1,0,0,1,0,1,0,1,0,1,0
1206,1690000.0,Casablanca,1.0,2.0,2.0,86.0,1,1,0,1,1,1,0,0,1,1,1
1207,640000.0,Rabat,1.0,2.0,0.0,64.0,0,0,0,0,0,0,0,0,0,0,1
1208,500000.0,Rabat,2.0,2.0,1.0,75.0,0,1,0,0,0,0,0,0,0,1,0
1209,890000.0,Casablanca,1.0,2.0,2.0,54.0,1,1,0,1,1,1,0,0,1,1,0
1210,850000.0,Temara,1.0,2.0,2.0,72.0,0,0,0,0,0,1,0,0,1,1,0
1211,430000.0,Marrakech,1.0,2.0,1.0,60.0,0,1,0,0,1,0,0,0,0,1,0
1212,640000.0,Casablanca,1.0,2.0,1.0,59.0,0,0,0,0,0,0,0,0,0,0,0
1213,2100000.0,Marrakech,1.0,4.0,3.0,165.0,1,1,0,0,0,0,0,0,1,0,1
1214,1000000.0,Casablanca,2.0,2.0,2.0,105.0,0,0,0,0,0,0,0,0,0,0,0
1215,620000.0,Bouskoura,1.0,2.0,2.0,87.0,1,1,0,0,1,1,0,0,1,1,0
1217,890000.0,Tanger,1.0,2.0,2.0,67.0,1,1,1,1,1,1,0,0,1,1,1
1218,16000.0,Tanger,1.0,3.0,2.0,132.0,1,1,0,1,1,1,0,0,1,1,1
1219,450000.0,Salé,1.0,2.0,2.0,58.0,0,0,0,0,0,0,0,0,0,0,1
1220,550000.0,Kénitra,1.0,2.0,1.0,90.0,1,1,1,1,1,1,0,1,0,1,0
1221,890000.0,Casablanca,1.0,2.0,2.0,65.0,1,1,0,0,1,1,0,0,1,1,0
1222,940000.0,Casablanca,2.0,3.0,2.0,96.0,0,0,0,0,0,0,0,0,0,0,0
1223,890000.0,Kénitra,2.0,2.0,2.0,153.0,1,1,1,1,1,1,0,0,1,1,1
1224,380000.0,Salé,1.0,1.0,1.0,45.0,0,0,0,0,0,0,0,0,0,0,1
1225,540000.0,Martil,1.0,2.0,1.0,65.0,0,0,0,0,0,0,0,0,0,0,0
1226,890000.0,Khouribga,1.0,2.0,2.0,100.0,0,1,0,0,0,0,0,0,0,0,1
1227,890000.0,Mohammedia,1.0,2.0,2.0,56.0,0,0,0,0,0,1,0,0,0,0,0
1230,1150000.0,Casablanca,1.0,2.0,1.0,90.0,1,0,0,0,0,0,0,0,1,0,0
1231,890000.0,Mohammedia,1.0,2.0,2.0,90.0,1,1,1,1,1,1,0,0,1,1,1
1232,1068000.0,Marrakech,1.0,2.0,1.0,89.0,0,0,0,0,0,0,0,0,0,0,0
1233,1300000.0,Salé,3.0,3.0,1.0,141.0,0,0,0,0,0,0,0,0,0,0,0
1234,780000.0,Casablanca,1.0,1.0,1.0,55.0,1,0,1,1,0,1,0,0,1,1,0
1235,1200000.0,Sidi Rahal,1.0,2.0,2.0,100.0,0,0,0,0,0,0,0,0,0,0,0
1236,860000.0,Casablanca,1.0,2.0,1.0,78.0,0,0,0,0,0,0,0,0,0,0,0
1237,360000.0,Casablanca,1.0,2.0,1.0,56.0,0,0,0,0,0,0,0,0,0,0,0
1238,700000.0,Casablanca,1.0,2.0,2.0,70.0,0,1,0,0,1,0,0,0,0,1,0
1239,300000.0,Casablanca,1.0,2.0,1.0,50.0,0,0,0,0,0,0,0,0,0,1,0
1240,820000.0,Casablanca,2.0,3.0,2.0,86.0,0,0,0,0,0,1,0,0,0,1,0
1241,890000.0,Tanger,1.0,2.0,2.0,54.0,1,1,0,0,1,0,0,0,1,1,0
1242,700000.0,Tanger,1.0,2.0,1.0,70.0,1,1,0,0,0,0,0,0,0,1,0
1243,480000.0,Marrakech,1.0,2.0,1.0,68.0,0,0,0,0,0,0,0,0,0,0,0
1245,1200000.0,Meknès,1.0,3.0,2.0,142.0,1,0,1,1,1,1,0,0,1,1,1
1246,320000.0,Casablanca,1.0,2.0,1.0,50.0,0,0,0,0,0,0,0,0,0,0,0
1247,790000.0,Tanger,1.0,2.0,1.0,74.0,1,0,0,1,1,1,0,0,0,0,0
1248,555000.0,Kénitra,0.0,2.0,2.0,75.0,0,1,0,1,0,1,0,1,0,0,0
1249,560000.0,Marrakech,1.0,3.0,1.0,76.0,0,0,0,1,0,0,0,0,1,1,0
1250,890000.0,Agadir,1.0,2.0,2.0,60.0,0,1,0,0,0,0,0,1,1,1,0
1251,1150000.0,Tétouan,2.0,3.0,2.0,88.0,1,1,0,0,1,1,0,0,1,1,0
1252,890000.0,Casablanca,1.0,2.0,2.0,120.0,0,1,0,0,0,1,1,0,0,0,0
1253,890000.0,Casablanca,2.0,2.0,2.0,109.0,1,1,1,1,1,1,1,0,1,1,1
1255,890000.0,Casablanca,1.0,2.0,2.0,87.0,1,1,0,0,1,1,0,0,1,1,1
1256,1465000.0,Temara,1.0,3.0,2.0,97.0,0,1,0,0,0,0,0,0,0,0,1
1257,850000.0,Marrakech,1.0,2.0,2.0,146.0,0,0,0,0,0,0,0,0,0,0,0
1258,890000.0,Marrakech,1.0,2.0,2.0,170.0,0,0,0,0,0,0,0,0,0,0,0
1259,890000.0,Marrakech,1.0,2.0,2.0,86.0,0,0,0,0,0,0,0,0,0,0,0
1261,390000.0,Casablanca,1.0,2.0,1.0,52.0,0,0,0,0,0,0,0,0,0,0,0
1262,890000.0,Casablanca,1.0,2.0,2.0,46.0,1,1,0,1,1,1,0,1,1,1,0
1263,320000.0,Kénitra,1.0,2.0,1.0,60.0,0,0,0,0,0,0,0,0,0,0,0
1264,300000.0,Had Soualem,1.0,3.0,2.0,92.0,0,1,0,1,0,1,0,0,0,0,1
1265,2000000.0,Tanger,1.0,3.0,2.0,108.0,1,0,0,1,1,1,0,0,1,1,1
1266,300000.0,Marrakech,1.0,2.0,1.0,50.0,0,0,0,0,0,0,0,0,0,0,0
1267,980000.0,Agadir,1.0,2.0,2.0,82.0,1,0,0,1,1,1,0,1,1,1,1
1268,850000.0,Agadir,1.0,2.0,1.0,81.0,1,1,0,1,0,1,0,0,0,0,0
1269,750000.0,Temara,1.0,2.0,2.0,89.0,0,0,0,0,0,1,0,0,1,1,1
1270,1960000.0,Casablanca,1.0,2.0,2.0,114.0,1,1,0,1,1,1,0,1,1,1,1
1271,950000.0,Rabat,1.0,1.0,1.0,51.0,1,1,0,0,1,0,0,0,1,0,1
1272,650000.0,Agadir,1.0,2.0,1.0,55.0,0,0,0,0,0,0,0,1,1,1,0
1273,370000.0,Biougra,1.0,4.0,2.0,75.0,0,0,0,0,0,0,0,0,0,0,0
1274,1580000.0,Casablanca,1.0,3.0,3.0,135.0,1,1,0,0,1,1,0,0,1,1,1
1275,660000.0,Casablanca,1.0,2.0,2.0,84.0,0,1,0,0,0,0,0,0,0,0,0
1277,500000.0,Casablanca,1.0,2.0,1.0,70.0,0,1,0,0,1,1,0,0,1,1,1
1279,890000.0,Meknès,2.0,2.0,2.0,156.0,1,1,1,1,1,1,0,1,1,1,1
1281,360000.0,Salé,1.0,2.0,1.0,61.0,0,0,0,0,0,0,0,0,0,0,0
1282,1870000.0,Casablanca,1.0,3.0,2.0,109.0,1,1,0,1,1,1,0,0,1,0,1
1283,750000.0,Tanger,1.0,3.0,1.0,82.0,0,1,0,0,1,1,0,1,0,0,0
1284,760000.0,Martil,1.0,2.0,1.0,66.0,1,1,0,0,1,0,0,0,1,1,1
1285,620000.0,Kénitra,1.0,2.0,2.0,76.0,0,0,0,1,0,1,0,0,0,0,1
1286,850000.0,Kénitra,1.0,2.0,1.0,77.0,1,1,0,0,1,0,0,0,1,1,0
1287,580000.0,Kénitra,1.0,2.0,1.0,85.0,0,0,0,1,0,1,0,0,1,1,0
1288,480000.0,Agadir,1.0,2.0,1.0,54.0,0,1,0,0,1,0,0,0,1,1,0
1289,1689000.0,Mehdia,1.0,3.0,3.0,106.0,1,1,1,1,1,1,0,1,1,1,1
1291,1220000.0,Marrakech,1.0,2.0,2.0,81.0,1,1,0,0,1,1,0,0,0,1,0
1292,420000.0,Fès,1.0,2.0,2.0,78.0,0,0,0,0,0,0,0,0,0,0,0
1293,110000.0,Fès,2.0,1.0,1.0,50.0,0,0,0,0,0,0,0,0,0,0,0
1294,890000.0,Casablanca,1.0,2.0,2.0,102.0,0,0,0,0,0,0,0,0,0,0,0
1295,240000.0,Marrakech,1.0,2.0,1.0,30.0,0,0,0,0,0,0,0,0,0,1,0
1297,890000.0,Casablanca,1.0,2.0,2.0,79.0,0,1,0,0,0,0,0,0,0,0,0
1298,570000.0,Agadir,1.0,2.0,1.0,78.0,0,1,0,0,0,0,0,0,0,0,0
1299,900000.0,Casablanca,1.0,2.0,1.0,90.0,0,1,0,0,0,0,0,0,0,0,0
1300,890000.0,Settat,1.0,2.0,2.0,70.0,0,0,0,0,0,0,0,0,0,0,0
1301,1500000.0,Casablanca,1.0,4.0,1.0,141.0,0,0,0,0,0,1,0,0,0,0,0
1302,1250000.0,Tanger,1.0,3.0,1.0,100.0,1,1,0,0,0,0,0,0,0,0,1
1303,460000.0,Tanger,1.0,2.0,1.0,55.0,1,1,0,0,1,0,0,0,1,1,0
1305,400000.0,Mohammedia,1.0,2.0,1.0,54.0,0,1,0,0,1,1,0,1,1,1,0
1306,890000.0,Béni Mellal,1.0,2.0,2.0,60.0,0,0,0,0,0,0,0,0,0,0,0
1309,390000.0,Casablanca,1.0,2.0,1.0,55.0,0,0,0,0,0,0,0,0,0,0,0
1310,890000.0,Salé,1.0,2.0,2.0,64.0,0,1,0,0,0,0,0,0,0,0,0
1311,890000.0,Casablanca,1.0,2.0,2.0,94.0,0,0,0,0,0,0,0,0,0,0,0
1313,890000.0,Temara,2.0,2.0,2.0,95.0,0,0,0,0,0,0,0,0,0,0,0
1314,860000.0,Marrakech,1.0,3.0,2.0,114.0,0,0,0,0,0,1,0,0,0,1,0
1315,10000.0,Oujda,0.0,1.0,0.0,19.0,0,0,0,1,0,0,0,1,0,1,0
1316,1230000.0,Bouskoura,1.0,3.0,2.0,145.0,1,1,0,0,1,1,0,0,1,1,1
1318,660000.0,Tanger,2.0,2.0,1.0,90.0,1,1,0,0,0,0,0,0,1,0,0
1321,1320000.0,Casablanca,1.0,2.0,1.0,73.0,1,1,1,1,1,1,0,0,1,1,0
1323,570000.0,Berrechid,1.0,3.0,1.0,85.0,1,1,0,1,0,0,0,0,0,0,0
1324,1750000.0,Casablanca,2.0,3.0,2.0,148.0,1,1,1,1,1,1,0,0,1,1,1
1325,360000.0,El Jadida,1.0,2.0,1.0,57.0,1,1,0,0,1,1,1,1,1,1,1
1326,630000.0,Casablanca,2.0,2.0,1.0,72.0,0,0,0,0,0,1,0,0,1,0,0
1328,1250000.0,Dar Bouazza,2.0,2.0,2.0,128.0,1,1,1,0,1,1,0,0,1,1,1
1329,1100000.0,Casablanca,1.0,1.0,1.0,42.0,1,1,1,1,1,1,0,0,1,1,1
1330,2050000.0,Casablanca,2.0,3.0,2.0,142.0,1,0,1,1,1,1,0,0,1,1,0
1332,1080000.0,Agadir,1.0,2.0,2.0,124.0,0,0,0,0,0,0,0,0,0,0,0
1333,400000.0,Ain Aouda,1.0,2.0,2.0,50.0,0,0,0,0,0,0,0,0,0,0,0
1334,890000.0,Casablanca,1.0,2.0,2.0,81.0,1,1,0,0,1,1,0,1,0,1,1
1335,920000.0,Salé,2.0,2.0,2.0,74.0,1,0,0,0,0,1,0,0,1,1,0
1336,890000.0,Ifrane,1.0,2.0,2.0,65.0,0,0,1,0,0,1,0,0,0,0,0
1337,385000.0,Salé,1.0,2.0,2.0,50.0,0,0,0,0,0,0,0,0,0,0,0
1338,700000.0,Tanger,1.0,2.0,1.0,84.0,0,1,0,0,1,1,0,0,1,0,1
1339,1280000.0,Kénitra,2.0,3.0,2.0,167.0,1,1,0,0,1,0,0,0,1,1,0
1340,900000.0,Temara,1.0,2.0,2.0,76.0,0,0,0,0,0,0,0,0,1,1,0
1342,1500000.0,Rabat,1.0,4.0,1.0,131.0,1,0,0,0,0,0,0,0,0,0,0
1343,480000.0,Casablanca,1.0,2.0,1.0,52.0,0,0,0,0,0,0,0,0,0,0,0
1344,890000.0,Casablanca,2.0,2.0,2.0,147.0,0,0,0,0,0,0,0,0,0,0,0
1345,520000.0,Kénitra,1.0,2.0,1.0,74.0,1,1,0,0,1,1,0,0,1,1,0
1346,890000.0,Berkane,2.0,2.0,2.0,130.0,0,0,0,1,0,1,1,0,1,1,1
1347,1457000.0,Casablanca,1.0,3.0,1.0,92.0,1,1,0,0,0,1,0,0,1,0,0
1349,2250000.0,Casablanca,1.0,3.0,2.0,163.0,1,1,0,0,0,0,0,0,0,0,1
1350,380000.0,Tit Mellil,1.0,2.0,2.0,84.0,0,1,0,0,0,1,0,0,0,0,0
1351,890000.0,Saidia,1.0,2.0,2.0,75.0,0,1,1,0,0,1,0,0,1,1,1
1352,530000.0,Marrakech,1.0,3.0,2.0,62.0,0,1,0,0,1,0,0,0,1,1,0
1353,940000.0,Meknès,2.0,3.0,2.0,88.0,1,1,0,0,1,1,0,0,1,0,0
1354,890000.0,Casablanca,1.0,2.0,2.0,103.0,1,0,0,1,0,0,0,0,0,1,0
1356,1368000.0,Tanger,1.0,3.0,1.0,88.0,1,1,0,0,0,0,0,0,0,0,0
1357,890000.0,Deroua,0.0,2.0,2.0,59.0,0,0,0,0,0,0,0,0,0,0,0
1358,850000.0,Mdiq,1.0,3.0,2.0,110.0,0,1,0,0,0,1,0,0,0,0,1
1360,1800000.0,Tanger,2.0,3.0,2.0,113.0,0,0,0,0,0,0,0,0,0,0,0
1361,1900000.0,Marrakech,1.0,3.0,2.0,131.0,1,0,0,1,1,1,0,0,1,1,1
1362,1600000.0,Marrakech,1.0,2.0,1.0,85.0,1,0,0,1,1,1,0,0,1,1,1
1363,890000.0,Casablanca,1.0,2.0,1.0,66.0,0,1,0,0,1,0,0,0,1,0,0
1364,1099999.0,Benslimane,2.0,2.0,2.0,108.0,1,0,0,0,0,1,0,0,1,1,0
1366,960000.0,Marrakech,1.0,2.0,1.0,80.0,1,0,0,0,1,1,0,0,0,1,1
1367,470000.0,Casablanca,1.0,2.0,2.0,40.0,1,1,0,1,1,1,0,0,1,1,1
1368,1300000.0,Casablanca,1.0,2.0,1.0,60.0,0,0,0,0,0,0,0,0,0,0,0
1369,890000.0,Taza,1.0,2.0,2.0,62.0,0,1,0,0,0,0,0,0,0,0,0
1370,690000.0,Mohammedia,1.0,2.0,2.0,74.0,0,0,0,0,0,0,0,0,0,0,0
1371,1100000.0,Mohammedia,1.0,3.0,2.0,100.0,0,1,0,0,1,1,0,0,1,1,1
1372,550000.0,Casablanca,1.0,2.0,2.0,70.0,1,1,0,0,1,1,0,0,1,1,0
1373,310000.0,El Jadida,1.0,2.0,1.0,54.0,0,1,0,0,0,0,0,0,0,0,0
1374,2200000.0,Marrakech,1.0,2.0,2.0,77.0,0,0,0,1,1,1,0,1,1,1,1
1375,890000.0,Casablanca,2.0,2.0,2.0,123.0,0,0,0,0,0,0,0,0,0,0,0
1377,1580000.0,Casablanca,1.0,2.0,2.0,93.0,1,1,0,0,0,0,0,0,1,0,1
1378,460000.0,Marrakech,1.0,2.0,1.0,60.0,0,0,0,1,0,1,0,0,0,0,1
1379,420000.0,Kénitra,1.0,2.0,1.0,70.0,0,0,0,0,0,1,0,0,0,0,0
1380,450000.0,Tanger,1.0,1.0,1.0,57.0,0,1,0,0,1,0,0,0,0,0,0
1381,720000.0,Bouskoura,1.0,2.0,2.0,64.0,1,1,0,1,0,1,0,0,1,0,1
1382,460000.0,Rabat,1.0,1.0,1.0,30.0,0,0,0,0,1,0,0,0,1,1,0
1383,570000.0,Khemisset,1.0,2.0,1.0,85.0,1,1,0,0,0,1,0,0,0,0,1
1384,480000.0,Had Soualem,1.0,2.0,2.0,80.0,0,1,0,0,0,1,0,0,0,1,1
1385,890000.0,Casablanca,1.0,2.0,2.0,64.0,0,0,0,0,0,0,0,0,0,0,1
1386,890000.0,Agadir,1.0,2.0,2.0,138.0,0,0,0,0,0,0,0,0,0,0,0
1387,1060500.0,Bouskoura,1.0,2.0,2.0,88.0,1,1,0,1,0,1,0,0,1,0,1
1388,640000.0,El Jadida,1.0,3.0,2.0,108.0,0,0,0,0,0,0,0,0,0,0,0
1389,1265000.0,Bouskoura,1.0,3.0,2.0,108.0,1,1,0,1,0,1,0,0,1,0,1
1390,450000.0,Marrakech,1.0,2.0,1.0,57.0,0,0,0,0,0,0,0,0,0,0,0
1391,1000000.0,Agadir,1.0,3.0,2.0,130.0,0,0,0,0,0,0,0,0,0,0,0
1392,900000.0,Casablanca,2.0,2.0,2.0,124.0,0,1,0,0,0,1,0,1,0,1,1
1393,1850000.0,Casablanca,1.0,2.0,2.0,108.0,1,1,1,1,1,1,0,0,1,1,1
1394,890000.0,Rabat,2.0,2.0,2.0,125.0,1,0,0,1,1,1,0,0,1,1,1
1396,540000.0,Mohammedia,1.0,2.0,2.0,72.0,0,0,0,0,0,0,0,0,0,0,0
1397,1200000.0,Agadir,1.0,2.0,1.0,88.0,1,1,0,1,0,1,0,1,1,0,0
1398,1050000.0,Casablanca,1.0,1.0,1.0,50.0,1,1,1,1,0,1,0,0,1,1,0
1399,1800000.0,Agadir,1.0,3.0,2.0,88.0,1,1,0,0,0,0,0,0,0,1,0
1400,890000.0,Casablanca,1.0,2.0,2.0,82.0,0,0,0,0,0,0,0,0,0,0,0
1401,1800000.0,Casablanca,2.0,3.0,2.0,53.0,1,1,1,1,1,1,0,0,1,1,0
1402,820000.0,Casablanca,1.0,3.0,2.0,80.0,1,1,0,0,0,1,0,0,0,1,1
1403,1500000.0,Casablanca,2.0,3.0,2.0,134.0,1,1,1,1,1,1,0,0,1,1,0
1404,6500.0,Casablanca,1.0,2.0,1.0,59.0,0,0,0,0,0,0,0,0,0,0,0
1405,340000.0,Rabat,2.0,2.0,1.0,55.0,0,1,0,0,0,0,0,0,0,0,0
1406,1012000.0,Casablanca,2.0,2.0,2.0,88.0,1,1,0,1,1,1,0,0,1,0,1
1407,890000.0,Saidia,1.0,2.0,2.0,85.0,0,0,0,0,0,0,0,0,0,0,0
1408,2200000.0,Rabat,1.0,3.0,2.0,128.0,0,0,0,0,0,0,0,0,0,0,0
1409,890000.0,Saidia,1.0,2.0,2.0,87.0,0,1,0,0,0,1,0,0,0,0,0
1410,300000.0,Berrechid,1.0,2.0,1.0,83.0,0,0,0,0,0,0,0,0,0,0,0
1411,1225000.0,Marrakech,1.0,2.0,1.0,49.0,1,1,0,1,0,0,0,0,1,1,1
1412,500000.0,Agadir,1.0,2.0,1.0,57.0,0,0,1,1,1,1,0,1,1,1,0
1413,530000.0,Saidia,1.0,2.0,1.0,63.0,0,1,0,0,0,1,0,1,0,0,1
1414,16500.0,Casablanca,1.0,2.0,2.0,90.0,1,1,1,1,1,1,0,0,1,1,1
1415,890000.0,Salé,1.0,2.0,2.0,55.0,0,0,0,0,0,0,0,0,0,0,0
1416,920000.0,Kénitra,1.0,3.0,2.0,117.0,1,1,0,1,1,1,0,0,0,1,0
1417,1075000.0,Marrakech,1.0,2.0,1.0,43.0,1,1,0,1,0,0,0,0,1,1,1
1418,200000.0,Marrakech,1.0,2.0,60.0,60.0,0,1,0,0,0,0,0,0,1,0,1
1419,370000.0,Casablanca,1.0,2.0,1.0,63.0,0,0,0,0,0,0,0,0,0,0,0
1420,890000.0,Temara,1.0,2.0,2.0,55.0,0,0,0,0,0,0,0,0,0,0,0
1421,370000.0,Casablanca,1.0,2.0,1.0,58.0,0,0,0,0,0,0,0,0,0,0,0
1423,450000.0,Casablanca,1.0,2.0,1.0,56.0,0,0,0,0,0,1,0,1,0,0,0
1424,1800000.0,Marrakech,2.0,2.0,2.0,88.0,1,0,0,1,1,1,0,1,1,1,1
1425,1150000.0,Temara,1.0,2.0,2.0,83.0,1,1,1,1,1,1,0,0,1,1,1
1427,530000.0,Casablanca,1.0,2.0,1.0,56.0,0,0,0,0,0,0,0,0,0,0,0
1428,890000.0,Casablanca,1.0,2.0,2.0,85.0,0,1,0,0,0,0,0,0,0,1,1
1429,450000.0,Tanger,1.0,2.0,1.0,60.0,0,0,0,0,0,0,0,0,0,0,0
1430,2000000.0,Casablanca,1.0,2.0,1.0,88.0,0,0,0,0,0,0,0,0,0,0,0
1431,395000.0,Marrakech,1.0,2.0,1.0,54.0,1,1,1,1,1,1,1,1,1,1,1
1432,1300000.0,Marrakech,1.0,1.0,1.0,66.0,1,0,1,1,1,1,0,0,1,1,1
1434,1250000.0,Casablanca,1.0,3.0,2.0,112.0,0,1,0,0,1,0,0,0,1,1,1
1435,1100000.0,Marrakech,1.0,2.0,1.0,79.0,1,1,0,0,1,0,0,0,1,1,0
1436,900000.0,Agadir,1.0,3.0,1.0,88.0,1,1,0,0,0,0,0,0,0,1,0
1437,1876000.0,Agadir,1.0,2.0,2.0,88.0,1,1,0,0,0,1,0,0,1,0,1
1440,450000.0,Agadir,1.0,2.0,57.0,88.0,0,1,0,0,0,0,0,0,0,1,0
1441,1100000.0,Agadir,1.0,2.0,1.0,88.0,0,1,0,0,0,1,0,0,1,0,0
1443,1800000.0,Agadir,2.0,4.0,2.0,88.0,0,1,0,0,0,1,0,0,1,1,1
1444,295000.0,Marrakech,1.0,3.0,2.0,63.0,1,0,0,0,0,0,0,0,0,0,0
1445,740000.0,Tit Mellil,1.0,3.0,2.0,96.0,0,1,0,0,0,1,0,0,0,0,0
1447,550000.0,Agadir Melloul,1.0,2.0,1.0,85.0,0,0,0,0,0,0,0,0,0,0,0
1448,700000.0,Kénitra,1.0,3.0,2.0,90.0,0,0,0,0,0,0,0,0,0,0,0
1449,460000.0,Tanger,1.0,2.0,1.0,55.0,1,1,0,0,1,0,0,0,1,1,0
1450,900000.0,Tanger,1.0,2.0,1.0,76.0,1,1,0,1,0,0,0,0,0,1,0
1451,850000.0,Tanger,1.0,2.0,1.0,76.0,1,1,0,1,0,0,0,0,0,1,0
1452,500000.0,Kénitra,1.0,2.0,2.0,68.0,0,0,0,0,0,0,0,0,0,0,0
1453,550000.0,Fès,2.0,1.0,1.0,68.0,0,0,0,1,0,1,0,0,1,1,0
1454,1100000.0,Kénitra,2.0,3.0,2.0,129.0,1,1,0,0,0,0,0,0,1,0,0
1455,890000.0,Meknès,1.0,2.0,2.0,107.0,0,0,0,0,0,0,0,0,0,0,0
1456,680000.0,Safi,1.0,2.0,1.0,71.0,1,1,0,0,1,0,0,0,1,0,0
1457,490000.0,Casablanca,1.0,2.0,1.0,67.0,0,0,0,0,0,0,0,0,0,0,0
1458,3600.0,Temara,1.0,2.0,2.0,80.0,0,1,0,0,1,0,0,0,1,1,1
1459,870000.0,Kénitra,1.0,3.0,2.0,93.0,1,1,1,1,1,1,0,1,1,1,0
1460,900000.0,Salé,1.0,2.0,2.0,84.0,0,1,0,0,1,0,0,0,1,1,0
1461,890000.0,Asilah,1.0,2.0,2.0,54.0,0,0,0,0,1,0,0,1,0,1,0
1462,1800000.0,Casablanca,1.0,2.0,2.0,91.0,1,1,0,0,0,1,0,0,0,0,0
1463,770000.0,Casablanca,1.0,2.0,1.0,76.0,1,0,0,0,0,0,0,0,0,0,0
1464,1250000.0,Casablanca,1.0,2.0,1.0,74.0,1,1,0,0,0,0,0,0,0,0,1
1465,890000.0,Oued Zem,1.0,2.0,2.0,110.0,0,0,0,0,0,0,0,0,0,0,0
1466,260000.0,Sefrou,1.0,2.0,1.0,70.0,0,0,0,0,0,0,0,0,0,0,0
1467,625000.0,Dar Bouazza,1.0,2.0,1.0,68.0,0,1,0,1,0,1,0,1,1,0,0
1468,1500000.0,Casablanca,1.0,2.0,1.0,98.0,1,0,0,0,0,0,0,0,0,0,0
1469,590000.0,Casablanca,1.0,2.0,2.0,68.0,1,0,1,1,1,1,0,1,1,0,0
1470,890000.0,Casablanca,1.0,2.0,2.0,75.0,1,0,0,0,0,0,0,0,1,1,0
1471,1990000.0,Temara,2.0,4.0,3.0,130.0,1,0,0,0,1,1,0,0,1,1,1
1472,1390000.0,Casablanca,1.0,2.0,1.0,105.0,1,1,0,0,0,0,0,0,0,0,1
1473,1310000.0,Casablanca,1.0,3.0,2.0,93.0,0,1,0,0,0,0,0,0,0,0,1
1474,1750000.0,Casablanca,1.0,3.0,2.0,127.0,1,1,0,0,0,0,0,0,1,0,1
1477,1300000.0,Casablanca,1.0,2.0,1.0,94.0,1,1,0,0,0,0,0,0,0,0,1
1478,1250000.0,Marrakech,1.0,3.0,2.0,101.0,1,0,0,1,1,0,0,0,1,1,0
1479,450000.0,Marrakech,1.0,2.0,2.0,71.0,0,0,0,0,0,0,0,0,0,0,0
1480,1050000.0,Marrakech,1.0,3.0,1.0,124.0,1,1,0,0,0,0,0,0,0,0,1
1481,1500000.0,Casablanca,1.0,2.0,2.0,113.0,1,1,0,0,0,0,0,0,1,0,1
1482,400000.0,Marrakech,1.0,2.0,1.0,88.0,1,1,0,0,1,0,0,0,1,1,1
1483,1600000.0,Casablanca,1.0,3.0,1.0,132.0,1,1,0,0,0,0,0,0,1,0,1
1484,420000.0,Casablanca,1.0,2.0,1.0,56.0,0,0,0,0,0,1,0,1,1,0,0
1485,780000.0,Mohammedia,1.0,2.0,1.0,87.0,1,0,0,0,0,0,0,0,0,0,0
1486,650000.0,Marrakech,1.0,2.0,1.0,68.0,1,1,0,0,0,0,0,0,0,0,1
1487,1800000.0,Rabat,1.0,3.0,2.0,158.0,0,1,0,0,0,0,0,0,1,0,1
1488,360000.0,Bouskoura,1.0,2.0,1.0,59.0,0,1,0,0,0,0,0,0,0,1,0
1489,580000.0,Kénitra,2.0,2.0,1.0,72.0,1,1,0,0,1,0,0,0,1,0,0
1490,1450000.0,Casablanca,2.0,4.0,2.0,140.0,0,0,0,0,0,0,0,0,0,0,1
1491,350000.0,Casablanca,1.0,2.0,1.0,58.0,0,1,0,0,0,1,0,0,1,1,1
1492,850000.0,Marrakech,1.0,2.0,2.0,80.0,1,1,0,0,0,0,0,0,0,0,1
1493,1425000.0,Casablanca,1.0,3.0,2.0,114.0,1,1,0,0,1,0,0,0,1,0,0
1494,250000.0,Casablanca,1.0,2.0,1.0,52.0,1,1,0,0,1,0,0,0,1,1,1
1495,570000.0,Bouznika,1.0,1.0,1.0,50.0,1,1,1,1,1,1,0,1,0,1,0
1496,880000.0,Casablanca,1.0,2.0,2.0,75.0,1,1,0,0,0,0,0,0,1,0,1
1497,370000.0,Marrakech,1.0,2.0,2.0,58.0,0,1,0,1,1,1,0,0,1,1,0
1498,595000.0,Marrakech,1.0,2.0,2.0,95.0,1,1,0,1,1,1,0,0,1,1,1
1499,1700000.0,Rabat,1.0,2.0,2.0,106.0,0,1,0,0,0,0,0,0,0,0,1
1500,1600000.0,Casablanca,1.0,2.0,2.0,102.0,1,1,0,0,0,0,0,0,0,0,1
1501,470000.0,Sidi Rahal,1.0,2.0,1.0,77.0,0,0,0,0,0,0,0,0,0,0,0
1502,1600000.0,Sidi Rahal,1.0,2.0,2.0,104.0,0,0,0,0,0,0,0,0,0,0,0
1503,299000.0,Casablanca,1.0,2.0,1.0,78.0,1,1,1,1,1,1,0,1,1,1,1
1504,890000.0,Bouskoura,1.0,2.0,2.0,91.0,0,1,0,0,0,0,0,0,1,0,0
1505,495000.0,Casablanca,1.0,2.0,1.0,84.0,1,1,0,0,1,1,0,0,1,1,1
1506,76.0,Had Soualem,1.0,3.0,2.0,107.0,1,1,0,0,0,1,0,0,1,0,0
1507,1600000.0,Sidi Rahal,1.0,2.0,2.0,104.0,0,0,0,0,0,0,0,0,0,0,0
1508,950000.0,Casablanca,1.0,1.0,1.0,46.0,1,1,0,0,0,0,0,0,0,0,1
1509,1320000.0,Casablanca,1.0,2.0,1.0,73.0,1,1,0,0,0,0,0,0,0,0,1
1511,1000000.0,Fès,1.0,3.0,2.0,124.0,0,1,0,0,0,1,0,0,1,1,0
1513,890000.0,Mohammedia,2.0,2.0,2.0,132.0,1,1,1,1,1,1,0,1,1,1,1
1514,640000.0,Salé,1.0,2.0,1.0,74.0,0,0,0,0,0,0,0,0,0,0,0
1515,720000.0,Tanger,1.0,3.0,1.0,73.0,1,1,0,0,0,0,0,0,1,0,0
1516,1150000.0,Salé,2.0,3.0,1.0,164.0,0,1,0,1,0,1,0,0,0,0,1
1517,600000.0,Salé,1.0,2.0,1.0,75.0,0,0,1,0,0,1,0,1,1,1,1
1518,890000.0,Bouznika,1.0,2.0,2.0,74.0,0,1,0,0,1,0,0,0,0,0,0
1519,570000.0,Bouskoura,1.0,2.0,1.0,60.0,0,0,0,0,0,0,0,0,0,0,0
1520,380000.0,Casablanca,1.0,2.0,1.0,54.0,0,1,0,0,0,1,0,0,0,0,0
1522,890000.0,Casablanca,2.0,2.0,2.0,171.0,1,1,0,0,0,0,0,0,0,0,0
1523,990000.0,Casablanca,2.0,3.0,2.0,96.0,0,0,0,0,0,0,0,0,0,0,0
1524,250000.0,Asilah,0.0,1.0,1.0,48.0,0,0,0,0,1,1,0,0,0,1,1
1525,890000.0,Casablanca,1.0,2.0,2.0,85.0,0,0,0,0,0,0,0,0,0,0,0
1526,490000.0,Casablanca,1.0,2.0,1.0,63.0,0,0,0,1,0,1,0,0,0,0,0
1527,890000.0,El Mansouria,1.0,2.0,2.0,90.0,1,1,1,1,1,1,0,0,1,1,1
1528,24500.0,Casablanca,1.0,1.0,1.0,57.0,1,1,1,1,1,1,0,0,1,1,1
1531,1100000.0,Casablanca,1.0,2.0,2.0,98.0,1,0,0,0,0,0,0,0,0,0,0
1532,890000.0,Saidia,1.0,2.0,2.0,68.0,0,0,0,0,1,0,0,1,1,1,0
1533,250000.0,Deroua,1.0,2.0,1.0,72.0,0,0,0,0,0,0,0,0,0,0,0
1534,870000.0,Casablanca,1.0,2.0,1.0,80.0,1,1,0,0,1,1,0,0,1,1,1
1535,650000.0,Sidi Rahal,2.0,3.0,1.0,93.0,0,0,0,0,0,0,0,0,0,0,0
1536,1050000.0,Berrechid,1.0,3.0,3.0,114.0,0,1,0,0,0,0,0,0,0,0,0
1537,500000.0,Casablanca,1.0,2.0,1.0,88.0,0,0,0,0,0,0,0,0,0,0,0
1538,7200.0,Bouznika,1.0,2.0,2.0,77.0,1,1,0,1,1,1,1,0,0,1,0
1540,1600000.0,Casablanca,1.0,2.0,1.0,105.0,1,1,0,0,0,0,0,0,0,0,1
1542,1300000.0,Tanger,1.0,4.0,2.0,127.0,1,1,0,0,1,0,0,0,0,1,0
1543,1750000.0,Rabat,1.0,3.0,2.0,88.0,0,1,0,0,0,0,0,0,0,0,1
1544,1100000.0,Marrakech,1.0,2.0,1.0,78.0,1,1,1,1,0,1,0,1,1,1,0
1545,390000.0,Saidia,1.0,2.0,1.0,62.0,0,1,0,0,0,1,0,1,0,0,0
1546,890000.0,Rabat,1.0,2.0,2.0,100.0,0,0,0,0,0,0,0,0,0,0,0
1547,890000.0,Kénitra,1.0,2.0,2.0,105.0,1,1,0,0,1,1,0,0,1,1,1
1548,1400000.0,Skhirat,1.0,3.0,1.0,121.0,1,1,0,0,0,0,0,0,0,0,1
1549,840000.0,Kénitra,2.0,3.0,3.0,120.0,1,1,0,1,1,1,0,0,1,1,1
1551,890000.0,Casablanca,1.0,2.0,2.0,120.0,0,0,0,0,0,0,0,0,0,0,0
1552,1279999.0,Casablanca,2.0,3.0,2.0,105.0,1,1,1,1,1,1,0,1,1,1,1
1553,360000.0,Casablanca,1.0,2.0,1.0,55.0,0,1,0,0,1,1,0,0,1,0,1
1554,450000.0,Sidi Rahal,1.0,2.0,1.0,54.0,0,0,0,0,0,1,0,0,0,0,0
1555,1550000.0,Casablanca,1.0,3.0,2.0,117.0,1,1,0,0,1,0,0,0,1,1,1
1556,240000.0,Casablanca,1.0,2.0,1.0,50.0,0,1,0,0,0,0,0,0,0,0,0
1557,1150000.0,Tanger,2.0,3.0,2.0,148.0,0,1,0,1,1,1,0,1,0,1,1
1558,890000.0,Marrakech,2.0,2.0,2.0,101.0,0,1,1,1,1,1,0,1,0,1,0
1559,500000.0,Oujda,1.0,1.0,2.0,90.0,1,1,0,0,1,0,0,0,0,0,1
1560,300000.0,Casablanca,1.0,2.0,1.0,56.0,0,1,0,0,0,0,0,0,1,1,0
1561,510000.0,Marrakech,1.0,2.0,1.0,64.0,0,0,0,0,0,0,0,0,0,0,0
1562,660000.0,El Jadida,1.0,3.0,2.0,90.0,1,1,0,0,1,1,0,0,1,1,1
1563,320000.0,Casablanca,1.0,1.0,1.0,52.0,0,0,0,0,0,0,0,0,0,0,0
1564,460000.0,Tétouan,1.0,2.0,1.0,72.0,1,1,0,0,1,0,0,0,0,1,1
1565,320000.0,Meknès,1.0,2.0,1.0,70.0,0,0,0,0,0,0,0,0,0,0,0
1566,580000.0,Deroua,1.0,3.0,1.0,94.0,0,0,0,0,0,0,0,0,0,0,0
1567,470000.0,Kénitra,1.0,2.0,2.0,60.0,0,0,0,0,0,0,0,0,0,0,0
1568,567000.0,Casablanca,1.0,2.0,1.0,54.0,1,0,0,0,0,0,0,0,1,0,1
1569,890000.0,Kénitra,1.0,2.0,2.0,91.0,0,0,0,0,0,0,0,0,0,0,0
1570,1000000.0,Tanger,1.0,2.0,1.0,80.0,0,0,0,0,0,0,0,0,0,0,0
1571,1350000.0,Fnideq,1.0,3.0,2.0,113.0,0,0,1,1,1,1,0,0,1,1,1
1572,890000.0,Salé,2.0,2.0,2.0,75.0,0,0,0,0,0,0,0,0,0,0,0
1573,1000000.0,Casablanca,1.0,1.0,2.0,103.0,0,1,0,1,0,0,0,0,1,1,1
1574,1000.0,Ain Attig,1.0,2.0,1.0,100.0,0,0,0,0,0,0,0,0,0,0,0
1576,1200000.0,Marrakech,1.0,2.0,1.0,93.0,1,1,1,1,1,1,1,1,1,1,1
1577,8000.0,Dar Bouazza,1.0,2.0,2.0,89.0,1,1,1,1,0,1,0,0,1,1,1
1578,320000.0,Selouane,1.0,2.0,2.0,65.0,0,1,0,0,0,0,0,0,1,0,0
1579,890000.0,Marrakech,1.0,2.0,2.0,55.0,0,0,0,0,0,0,0,0,0,0,0
1580,1000000.0,Marrakech,1.0,1.0,2.0,67.0,1,1,1,1,1,1,0,0,0,1,0
1581,860000.0,Fès,2.0,4.0,3.0,88.0,0,1,0,0,0,0,0,0,0,0,0
1582,1200000.0,Rabat,1.0,3.0,2.0,90.0,0,0,0,0,0,0,0,0,0,0,0
1583,480000.0,Marrakech,1.0,2.0,1.0,66.0,0,0,0,0,1,0,0,0,1,1,0
1584,890000.0,Casablanca,2.0,2.0,2.0,89.0,0,0,0,0,0,1,0,0,0,0,0
1585,890000.0,Casablanca,1.0,2.0,2.0,100.0,1,0,1,1,1,1,0,1,1,1,0
1587,809000.0,Casablanca,1.0,1.0,1.0,37.0,1,1,1,1,1,1,0,0,1,1,1
1588,720000.0,Marrakech,1.0,2.0,1.0,68.0,1,0,0,0,0,0,0,0,0,0,0
1590,570000.0,Fès,2.0,3.0,2.0,132.0,0,1,0,0,1,1,0,0,0,1,0
1591,780000.0,Temara,1.0,2.0,2.0,72.0,0,0,1,1,0,1,0,0,0,1,0
1592,700000.0,Marrakech,1.0,2.0,1.0,64.0,1,1,1,1,1,1,0,0,1,1,0
1593,1050000.0,Kénitra,1.0,3.0,2.0,114.0,1,1,0,1,1,1,0,0,1,1,0
1594,610000.0,Casablanca,1.0,2.0,2.0,77.0,1,1,0,0,1,1,0,0,1,1,1
1595,1452000.0,Tanger,1.0,3.0,1.0,132.0,1,1,0,0,0,1,0,0,1,0,0
1596,920000.0,Casablanca,1.0,2.0,1.0,79.0,1,1,0,0,0,0,0,0,0,0,1
1597,11500.0,Casablanca,1.0,2.0,2.0,78.0,1,1,0,0,1,0,0,0,1,1,1
1598,400000.0,Casablanca,1.0,2.0,1.0,60.0,0,0,0,0,0,0,0,0,1,0,0
1599,890000.0,Taounate,1.0,2.0,2.0,96.0,0,1,0,0,0,0,0,0,1,0,1
1600,800000.0,Fès,2.0,3.0,2.0,117.0,1,1,1,1,1,1,0,0,1,1,1
1601,1650000.0,Marrakech,1.0,3.0,2.0,114.0,1,0,1,1,0,1,0,0,1,1,1
1603,890000.0,Tanger,1.0,2.0,2.0,108.0,1,1,0,0,0,0,0,0,1,0,0
1604,760000.0,Mohammedia,1.0,2.0,2.0,78.0,0,1,0,0,0,1,0,0,0,0,0
1605,975000.0,Temara,1.0,3.0,2.0,87.0,1,1,0,0,0,1,0,0,1,0,1
1606,115000.0,Casablanca,1.0,3.0,3.0,116.0,1,1,0,0,1,1,0,0,1,1,1
1607,3000.0,Agadir,1.0,1.0,1.0,77.0,0,0,0,0,0,1,0,1,0,0,1
1608,200000.0,Safi,1.0,3.0,2.0,54.0,0,0,0,0,1,0,0,0,0,1,0
1609,880000.0,Fès,1.0,3.0,2.0,130.0,1,1,0,1,1,1,0,1,1,1,0
1610,680000.0,Berrechid,1.0,3.0,1.0,94.0,0,0,0,0,0,0,0,0,0,0,0
1613,440000.0,Tanger,1.0,2.0,1.0,73.0,1,1,0,0,0,0,0,0,0,0,0
1614,10500.0,Marrakech,1.0,2.0,2.0,82.0,1,1,0,0,0,1,0,0,1,1,0
1615,550000.0,Agadir Melloul,1.0,2.0,1.0,85.0,0,0,0,0,0,0,0,0,0,0,0
1616,360000.0,Tamesna,1.0,2.0,1.0,52.0,0,1,0,0,0,0,0,0,0,0,0
1617,430000.0,Casablanca,1.0,1.0,1.0,34.0,0,0,0,0,0,0,0,0,0,0,1
1618,750000.0,Casablanca,1.0,3.0,1.0,111.0,0,0,0,0,0,0,0,0,0,0,0
1619,650000.0,Saidia,1.0,2.0,1.0,60.0,0,0,0,0,0,0,0,0,0,0,0
1620,530000.0,El Jadida,1.0,3.0,1.0,95.0,0,0,0,0,1,0,0,0,1,0,0
1622,1000000.0,Casablanca,1.0,2.0,1.0,76.0,1,1,0,0,0,0,0,0,0,0,1
1625,1630000.0,Kénitra,2.0,3.0,2.0,153.0,1,1,0,1,1,1,0,0,0,1,1
1626,850000.0,Tanger,1.0,2.0,1.0,76.0,1,1,0,1,0,0,0,0,0,1,0
1627,890000.0,Tit Mellil,1.0,2.0,2.0,75.0,0,0,0,0,0,0,0,0,0,0,0
1628,850000.0,Tanger,1.0,2.0,1.0,76.0,1,1,0,1,0,0,0,0,0,1,0
1629,890000.0,Tanger,1.0,2.0,2.0,54.0,1,1,0,0,1,0,0,0,1,1,0
1630,430000.0,El Jadida,1.0,2.0,1.0,60.0,0,0,0,0,0,0,0,0,0,0,1
1631,460000.0,Tanger,1.0,2.0,1.0,55.0,1,1,0,0,1,0,0,0,1,1,0
1632,690000.0,Fès,1.0,3.0,2.0,141.0,0,0,0,0,0,0,0,0,0,0,0
1633,660000.0,Kénitra,1.0,3.0,1.0,111.0,0,0,0,0,0,0,0,0,0,0,0
1634,6250.0,Casablanca,1.0,2.0,2.0,64.0,0,1,0,0,1,0,0,0,0,1,0
1635,890000.0,Kénitra,1.0,2.0,2.0,79.0,0,0,0,0,0,0,0,0,0,0,0
1636,700000.0,Salé,1.0,3.0,2.0,75.0,0,0,0,0,0,0,0,0,0,0,0
1637,1020000.0,Tanger,1.0,3.0,1.0,101.0,0,0,0,0,0,0,0,0,0,0,0
1639,330000.0,Saidia,1.0,2.0,1.0,57.0,0,0,1,1,1,1,0,1,1,1,0
1640,580000.0,Settat,1.0,3.0,1.0,116.0,0,1,0,1,0,0,0,0,0,0,0
1641,330000.0,Temara,1.0,2.0,1.0,52.0,0,0,0,0,0,0,0,0,1,1,0
1642,890000.0,Agadir,1.0,2.0,2.0,105.0,0,0,0,0,0,0,0,0,0,0,0
1643,920000.0,Fès,2.0,4.0,2.0,105.0,1,1,0,0,0,0,0,0,0,0,0
1644,1350000.0,Salé,2.0,2.0,2.0,148.0,0,0,0,1,1,1,0,0,1,1,1
1645,520000.0,Casablanca,1.0,3.0,2.0,80.0,0,0,0,0,0,0,0,1,1,1,0
1646,350000.0,Marrakech,1.0,2.0,1.0,47.0,0,1,0,1,1,0,0,0,0,1,0
1647,400000.0,Kénitra,1.0,2.0,1.0,70.0,0,1,0,0,0,1,0,0,0,0,0
1648,350000.0,Oujda,1.0,2.0,1.0,58.0,1,0,0,0,0,0,0,1,0,1,1
1649,890000.0,Tanger,2.0,2.0,2.0,83.0,1,0,0,1,1,1,0,0,0,0,0
1650,220000.0,Sidi Bennour,1.0,2.0,1.0,58.0,0,0,0,0,0,0,0,0,0,0,0
1651,360000.0,Taza,1.0,2.0,1.0,72.0,1,1,0,0,0,0,0,0,0,0,0
1652,900000.0,Temara,1.0,2.0,2.0,70.0,0,0,0,0,0,0,0,0,0,0,0
1653,340000.0,Fès,1.0,2.0,2.0,75.0,0,1,0,0,0,0,0,0,0,0,0
1654,480000.0,Casablanca,1.0,3.0,2.0,90.0,0,0,0,0,0,0,0,0,0,0,0
1655,500000.0,Kénitra,0.0,2.0,0.0,72.0,0,0,0,0,0,0,0,0,0,0,0
1656,500000.0,Agadir,1.0,2.0,2.0,53.0,1,1,1,0,1,1,0,0,1,1,0
1657,1150000.0,Tétouan,2.0,3.0,2.0,130.0,1,1,0,0,1,1,0,0,1,1,0
1658,890000.0,Salé,2.0,2.0,2.0,90.0,0,0,0,0,0,0,0,0,0,0,0
1659,830000.0,Tamesna,2.0,3.0,3.0,115.0,1,1,0,0,1,1,0,0,1,1,0
1660,833000.0,Casablanca,1.0,3.0,2.0,84.0,1,1,0,0,0,1,0,0,1,1,1
1662,400000.0,Casablanca,1.0,2.0,1.0,66.0,0,0,0,0,0,0,0,0,0,0,0
1663,800000.0,Tanger,1.0,2.0,70.0,60.0,0,0,0,0,0,0,0,0,1,1,0
1664,890000.0,Casablanca,1.0,2.0,2.0,167.0,1,1,1,1,0,1,0,1,1,1,1
1665,890000.0,Marrakech,2.0,2.0,2.0,96.0,0,0,0,0,0,0,0,0,0,0,0
1666,1000000.0,Kénitra,2.0,3.0,3.0,150.0,1,1,0,0,1,1,0,0,1,1,0
1667,975000.0,Salé,1.0,3.0,2.0,106.0,1,1,0,0,1,1,0,0,1,1,1
1668,300000.0,Dar Bouazza,1.0,2.0,1.0,54.0,0,1,0,0,0,1,0,0,1,0,0
1669,900000.0,El Jadida,1.0,2.0,1.0,119.0,0,1,0,0,0,0,0,0,0,0,1
1670,500000.0,Mohammedia,1.0,2.0,1.0,67.0,0,1,0,0,0,1,0,0,1,1,0
1671,890000.0,Had Soualem,1.0,2.0,2.0,91.0,0,1,0,1,0,0,0,0,0,0,0
1672,890000.0,Bouskoura,1.0,2.0,2.0,80.0,0,0,0,0,0,0,0,0,0,0,0
1673,725000.0,Marrakech,1.0,2.0,2.0,70.0,0,1,0,0,1,0,0,0,1,1,0
1674,1750000.0,Mohammedia,1.0,4.0,2.0,160.0,1,0,0,0,0,0,0,0,0,0,0
1675,900000.0,Berrechid,1.0,2.0,1.0,117.0,0,1,0,0,0,0,0,0,0,0,1
1676,850000.0,Berrechid,1.0,2.0,1.0,78.0,0,1,0,0,0,0,0,0,0,0,1
1677,800000.0,Berrechid,1.0,2.0,1.0,74.0,0,1,0,0,0,0,0,0,0,0,1
1678,850000.0,Berrechid,1.0,2.0,1.0,82.0,0,1,0,0,0,0,0,0,0,0,1
1679,430000.0,Martil,1.0,2.0,1.0,60.0,0,1,0,0,0,0,0,0,0,0,0
1681,1700000.0,Casablanca,1.0,2.0,1.0,70.0,1,0,0,0,0,0,0,0,1,0,0
1682,470000.0,Marrakech,1.0,2.0,2.0,73.0,0,1,0,0,1,0,0,0,1,1,0
1683,890000.0,Casablanca,1.0,2.0,2.0,52.0,0,0,0,0,0,1,0,0,1,1,0
1684,980000.0,Casablanca,1.0,1.0,1.0,44.0,1,1,1,1,0,1,0,1,1,0,0
1685,960000.0,Casablanca,1.0,2.0,2.0,103.0,1,1,0,0,1,0,0,0,1,1,0
1686,1300000.0,Casablanca,1.0,2.0,1.0,103.0,1,1,0,0,0,0,0,0,0,0,1
1687,650000.0,Tétouan,1.0,3.0,1.0,91.0,1,0,1,1,1,0,0,0,0,1,0
1688,990400.0,Bouskoura,1.0,2.0,1.0,83.0,1,0,0,0,0,0,0,0,1,0,0
1689,660000.0,El Jadida,1.0,3.0,2.0,90.0,1,1,0,0,1,1,0,1,1,1,1
1690,1400000.0,Temara,1.0,2.0,2.0,84.0,0,0,0,0,0,0,0,0,0,0,0
1692,890000.0,Agadir,5.0,2.0,2.0,60.0,0,0,0,0,0,0,0,0,0,0,0
1693,1450000.0,Temara,1.0,2.0,2.0,104.0,1,1,0,1,1,1,0,0,1,1,1
1694,890000.0,Meknès,2.0,2.0,2.0,100.0,0,0,0,0,0,0,0,0,0,0,0
1695,480000.0,Oujda,1.0,2.0,1.0,90.0,0,0,0,0,0,0,0,0,0,0,0
1696,900000.0,Temara,1.0,2.0,1.0,92.0,0,1,0,0,0,1,0,0,0,0,1
1699,280000.0,Meknès,1.0,3.0,2.0,68.0,1,1,0,0,0,0,0,0,0,1,0
1700,1550000.0,Casablanca,2.0,2.0,2.0,93.0,1,1,0,1,1,0,0,0,1,1,0
1701,1050000.0,Casablanca,1.0,2.0,2.0,124.0,1,0,0,0,1,1,0,0,1,1,1
1702,750000.0,Mohammedia,2.0,2.0,2.0,120.0,0,0,0,0,0,0,0,0,0,1,1
1703,850000.0,El Jadida,1.0,3.0,2.0,108.0,0,1,0,0,0,0,0,0,0,0,0
1705,2200000.0,Rabat,2.0,2.0,2.0,110.0,1,1,1,1,1,1,0,0,1,1,1
1706,650000.0,Casablanca,1.0,2.0,1.0,67.0,1,0,0,0,0,0,0,1,0,0,0
1707,750000.0,Mohammedia,2.0,2.0,2.0,120.0,0,0,0,0,0,0,0,0,0,1,1
1708,880000.0,Casablanca,1.0,2.0,2.0,61.0,1,0,0,0,1,1,0,0,1,1,1
1709,890000.0,Casablanca,2.0,2.0,2.0,98.0,0,1,0,0,0,0,0,0,1,0,0
1710,950000.0,Kénitra,1.0,4.0,2.0,114.0,1,1,0,1,1,1,0,0,1,0,0
1711,620000.0,Casablanca,1.0,2.0,1.0,62.0,1,1,0,0,0,0,0,0,0,1,0
1712,950000.0,Tanger,1.0,2.0,1.0,52.0,0,0,0,0,0,0,0,0,0,0,0
1713,840000.0,Casablanca,1.0,2.0,1.0,74.0,1,0,0,0,1,0,0,0,1,1,0
1714,890000.0,El Ksiba,2.0,2.0,2.0,125.0,0,1,0,1,0,1,0,1,0,0,0
1715,1100000.0,Temara,1.0,2.0,2.0,87.0,0,1,0,0,1,1,0,0,1,1,1
1716,1650000.0,Tanger,2.0,2.0,2.0,125.0,1,1,0,0,0,0,0,1,0,0,0
1717,1500000.0,Rabat,1.0,3.0,1.0,104.0,0,0,0,0,1,0,0,0,1,1,0
1718,520000.0,Fès,2.0,3.0,2.0,100.0,0,0,0,0,0,0,0,0,0,0,1
1719,2200000.0,Marrakech,1.0,2.0,2.0,76.0,0,0,0,0,0,0,0,0,0,0,0
1720,1280000.0,Marrakech,1.0,2.0,2.0,100.0,1,1,0,1,1,0,0,0,1,1,0
1722,300000.0,Tanger,1.0,2.0,1.0,55.0,0,0,0,0,0,1,0,1,1,0,1
1723,1030000.0,Casablanca,1.0,3.0,1.0,94.0,0,0,0,0,0,0,0,0,1,1,0
1724,890000.0,Salé,1.0,2.0,2.0,83.0,0,1,0,0,0,0,0,0,0,0,0
1725,1380000.0,Marrakech,1.0,3.0,2.0,105.0,1,1,0,1,1,0,0,0,1,1,1
1726,890000.0,Tétouan,1.0,2.0,2.0,76.0,1,1,1,1,1,1,0,0,1,1,1
1727,900000.0,Temara,1.0,3.0,2.0,85.0,0,1,0,0,0,0,0,0,0,0,1
1728,1480000.0,Casablanca,2.0,2.0,2.0,100.0,1,1,1,1,1,1,0,0,0,1,0
1729,750000.0,Casablanca,1.0,2.0,1.0,85.0,1,1,0,0,0,0,0,0,1,0,0
1730,18000.0,Marrakech,1.0,3.0,2.0,101.0,1,1,1,1,1,1,0,0,1,1,1
1731,400000.0,Casablanca,1.0,2.0,1.0,56.0,0,0,0,0,0,1,0,1,0,0,0
1732,350000.0,Casablanca,1.0,2.0,1.0,54.0,0,0,0,0,0,0,0,0,0,0,0
1733,300000.0,Marrakech,1.0,1.0,1.0,45.0,0,0,0,0,0,0,0,0,1,1,0
1736,850000.0,Casablanca,1.0,2.0,2.0,97.0,0,1,0,0,0,0,0,0,0,0,0
1737,400000.0,Casablanca,1.0,2.0,1.0,60.0,0,0,0,0,0,0,0,0,1,0,0
1738,400000.0,Essaouira,1.0,2.0,1.0,45.0,0,0,0,0,0,0,0,0,0,0,0
1739,890000.0,Safi,1.0,2.0,2.0,101.0,0,1,0,0,0,0,0,0,0,0,0
1740,790000.0,Marrakech,1.0,2.0,1.0,81.0,1,1,0,0,0,0,0,0,0,0,1
1741,1250000.0,Tanger,1.0,2.0,2.0,95.0,1,0,0,0,0,0,0,0,1,0,0
1742,890000.0,Salé,1.0,2.0,2.0,100.0,0,0,0,0,1,1,0,0,0,0,0
1744,700000.0,Kénitra,1.0,2.0,1.0,79.0,0,0,0,0,0,0,0,0,0,0,0
1745,800000.0,Temara,1.0,2.0,1.0,69.0,0,1,0,0,0,1,0,1,0,0,0
1746,890000.0,Agadir,1.0,2.0,2.0,81.0,0,0,0,0,0,0,0,0,0,0,0
1747,1800000.0,Casablanca,2.0,3.0,2.0,125.0,1,1,0,0,0,1,0,0,1,1,0
1748,2000000.0,Rabat,1.0,2.0,1.0,136.0,1,1,0,0,0,0,0,0,1,0,1
1749,430000.0,Casablanca,1.0,1.0,2.0,50.0,1,0,0,0,0,1,0,0,0,1,0
1750,460000.0,Tanger,1.0,2.0,2.0,92.0,0,0,0,0,0,0,0,0,0,0,0
1751,450000.0,Oujda,1.0,2.0,1.0,72.0,0,1,0,1,0,0,0,0,1,1,1
1752,405000.0,Meknès,1.0,2.0,2.0,73.0,0,1,0,1,0,0,0,0,0,0,0
1753,890000.0,Casablanca,1.0,2.0,2.0,126.0,1,0,0,0,0,1,0,0,1,1,1
1755,1950000.0,Casablanca,1.0,3.0,2.0,133.0,1,1,0,0,0,0,0,0,0,0,1
1756,700000.0,Mohammedia,1.0,2.0,1.0,75.0,0,1,0,0,0,1,0,0,1,1,0
1757,890000.0,Tanger,1.0,2.0,2.0,56.0,0,0,0,0,0,0,0,0,0,0,0
1758,550000.0,Dar Bouazza,1.0,2.0,1.0,57.0,0,1,0,0,0,1,0,0,1,0,0
1759,890000.0,Tanger,1.0,2.0,2.0,105.0,1,1,0,0,0,0,0,0,1,0,0
1760,290000.0,Tanger,1.0,2.0,1.0,54.0,0,1,0,0,0,1,0,0,1,0,0
1761,840000.0,Asilah,2.0,2.0,1.0,90.0,0,1,1,1,1,1,0,1,1,1,0
1762,2200000.0,Casablanca,1.0,2.0,2.0,146.0,1,1,0,0,0,0,0,0,1,0,1
1763,985000.0,Temara,1.0,3.0,1.0,89.0,1,1,0,0,1,1,0,0,1,0,0
1764,730000.0,Tanger,1.0,2.0,1.0,73.0,1,1,0,0,0,0,0,0,0,0,0
1765,300000.0,Meknès,1.0,3.0,1.0,60.0,1,0,0,0,1,0,0,0,1,1,0
1766,3500.0,Tétouan,1.0,2.0,2.0,85.0,1,1,0,0,0,1,0,1,0,1,0
1767,700000.0,Tanger,1.0,2.0,1.0,70.0,1,1,0,0,0,0,0,0,0,0,0
1768,890000.0,Agadir,1.0,2.0,2.0,62.0,1,1,0,0,0,1,0,0,1,1,0
1769,890000.0,Agadir,2.0,2.0,2.0,110.0,1,0,0,0,0,0,0,0,1,0,0
